step,t_s,thruster
2,0.5,POD0_RPOS
2,0.5,POD1_RPOS
2,0.5,POD2_RPOS
2,0.5,POD3_RPOS
3,0.75,POD0_RPOS
3,0.75,POD1_RPOS
3,0.75,POD2_RPOS
3,0.75,POD3_RPOS
4,1.0,POD0_RPOS
4,1.0,POD1_RPOS
4,1.0,POD2_RPOS
4,1.0,POD3_RPOS
5,1.25,POD0_RPOS
5,1.25,POD1_RPOS
5,1.25,POD2_RPOS
5,1.25,POD3_RPOS
6,1.5,POD0_RPOS
6,1.5,POD1_RPOS
6,1.5,POD2_RPOS
6,1.5,POD3_RPOS
7,1.75,POD0_RPOS
7,1.75,POD1_RPOS
7,1.75,POD2_RPOS
7,1.75,POD3_RPOS
8,2.0,POD0_RPOS
8,2.0,POD1_RPOS
8,2.0,POD2_RPOS
8,2.0,POD3_RPOS
9,2.25,POD0_RPOS
9,2.25,POD1_RPOS
9,2.25,POD2_RPOS
9,2.25,POD3_RPOS
10,2.5,POD0_RPOS
10,2.5,POD1_RPOS
10,2.5,POD2_RPOS
10,2.5,POD3_RPOS
11,2.75,POD0_RPOS
11,2.75,POD1_RPOS
11,2.75,POD2_RPOS
11,2.75,POD3_RPOS
12,3.0,POD0_RPOS
12,3.0,POD1_RPOS
12,3.0,POD2_RPOS
12,3.0,POD3_RPOS
13,3.25,POD0_RPOS
13,3.25,POD1_RPOS
13,3.25,POD2_RPOS
13,3.25,POD3_RPOS
14,3.5,POD0_RPOS
14,3.5,POD1_RPOS
14,3.5,POD2_RPOS
14,3.5,POD3_RPOS
15,3.75,POD0_RPOS
15,3.75,POD1_RPOS
15,3.75,POD2_RPOS
15,3.75,POD3_RPOS
16,4.0,POD0_RPOS
16,4.0,POD1_RPOS
16,4.0,POD2_RPOS
16,4.0,POD3_RPOS
18,4.5,POD0_RNEG
18,4.5,POD1_RNEG
18,4.5,POD2_RNEG
18,4.5,POD3_RNEG
19,4.75,POD0_RNEG
19,4.75,POD1_RNEG
19,4.75,POD2_RNEG
19,4.75,POD3_RNEG
20,5.0,POD0_RNEG
20,5.0,POD1_RNEG
20,5.0,POD2_RNEG
20,5.0,POD3_RNEG
21,5.25,POD0_RNEG
21,5.25,POD1_RNEG
21,5.25,POD2_RNEG
21,5.25,POD3_RNEG
22,5.5,POD0_RNEG
22,5.5,POD1_RNEG
22,5.5,POD2_RNEG
22,5.5,POD3_RNEG
23,5.75,POD0_RNEG
23,5.75,POD1_RNEG
23,5.75,POD2_RNEG
23,5.75,POD3_RNEG
24,6.0,POD0_RNEG
24,6.0,POD1_RNEG
24,6.0,POD2_RNEG
24,6.0,POD3_RNEG
25,6.25,POD0_RNEG
25,6.25,POD1_RNEG
25,6.25,POD2_RNEG
25,6.25,POD3_RNEG
26,6.5,POD0_RNEG
26,6.5,POD1_RNEG
26,6.5,POD2_RNEG
26,6.5,POD3_RNEG
27,6.75,POD0_RNEG
27,6.75,POD1_RNEG
27,6.75,POD2_RNEG
27,6.75,POD3_RNEG
28,7.0,POD0_RNEG
28,7.0,POD1_RNEG
28,7.0,POD2_RNEG
28,7.0,POD3_RNEG
29,7.25,POD0_RNEG
29,7.25,POD1_RNEG
29,7.25,POD2_RNEG
29,7.25,POD3_RNEG
30,7.5,POD0_RNEG
30,7.5,POD1_RNEG
30,7.5,POD2_RNEG
30,7.5,POD3_RNEG
31,7.75,POD0_RNEG
31,7.75,POD1_RNEG
31,7.75,POD2_RNEG
31,7.75,POD3_RNEG
32,8.0,POD0_RNEG
32,8.0,POD1_RNEG
32,8.0,POD2_RNEG
32,8.0,POD3_RNEG
33,8.25,POD0_RNEG
33,8.25,POD1_RNEG
33,8.25,POD2_RNEG
33,8.25,POD3_RNEG
34,8.5,POD0_RNEG
34,8.5,POD1_RNEG
34,8.5,POD2_RNEG
34,8.5,POD3_RNEG
35,8.75,POD0_RNEG
35,8.75,POD1_RNEG
35,8.75,POD2_RNEG
35,8.75,POD3_RNEG
36,9.0,POD0_RNEG
36,9.0,POD1_RNEG
36,9.0,POD2_RNEG
36,9.0,POD3_RNEG
38,9.5,POD0_RPOS
38,9.5,POD1_RPOS
38,9.5,POD2_RPOS
38,9.5,POD3_RPOS
39,9.75,POD0_RPOS
39,9.75,POD1_RPOS
39,9.75,POD2_RPOS
39,9.75,POD3_RPOS
40,10.0,POD0_RPOS
40,10.0,POD1_RPOS
40,10.0,POD2_RPOS
40,10.0,POD3_RPOS
41,10.25,POD0_RPOS
41,10.25,POD1_RPOS
41,10.25,POD2_RPOS
41,10.25,POD3_RPOS
42,10.5,POD0_RPOS
42,10.5,POD1_RPOS
42,10.5,POD2_RPOS
42,10.5,POD3_RPOS
43,10.75,POD0_RPOS
43,10.75,POD1_RPOS
43,10.75,POD2_RPOS
43,10.75,POD3_RPOS
44,11.0,POD0_RPOS
44,11.0,POD1_RPOS
44,11.0,POD2_RPOS
44,11.0,POD3_RPOS
45,11.25,POD0_RPOS
45,11.25,POD1_RPOS
45,11.25,POD2_RPOS
45,11.25,POD3_RPOS
46,11.5,POD0_RPOS
46,11.5,POD1_RPOS
46,11.5,POD2_RPOS
46,11.5,POD3_RPOS
47,11.75,POD0_RPOS
47,11.75,POD1_RPOS
47,11.75,POD2_RPOS
47,11.75,POD3_RPOS
48,12.0,POD0_RPOS
48,12.0,POD1_RPOS
48,12.0,POD2_RPOS
48,12.0,POD3_RPOS
49,12.25,POD0_RPOS
49,12.25,POD1_RPOS
49,12.25,POD2_RPOS
49,12.25,POD3_RPOS
50,12.5,POD0_RPOS
50,12.5,POD1_RPOS
50,12.5,POD2_RPOS
50,12.5,POD3_RPOS
51,12.75,POD0_RPOS
51,12.75,POD1_RPOS
51,12.75,POD2_RPOS
51,12.75,POD3_RPOS
52,13.0,POD0_RPOS
52,13.0,POD1_RPOS
52,13.0,POD2_RPOS
52,13.0,POD3_RPOS
53,13.25,POD0_RPOS
53,13.25,POD1_RPOS
53,13.25,POD2_RPOS
53,13.25,POD3_RPOS
54,13.5,POD0_RPOS
54,13.5,POD1_RPOS
54,13.5,POD2_RPOS
54,13.5,POD3_RPOS
58,14.5,POD0_RNEG
58,14.5,POD1_RNEG
58,14.5,POD2_RNEG
58,14.5,POD3_RNEG
59,14.75,POD0_RNEG
59,14.75,POD1_RNEG
59,14.75,POD2_RNEG
59,14.75,POD3_RNEG
60,15.0,POD0_RNEG
60,15.0,POD1_RNEG
60,15.0,POD2_RNEG
60,15.0,POD3_RNEG
61,15.25,POD0_RNEG
61,15.25,POD1_RNEG
61,15.25,POD2_RNEG
61,15.25,POD3_RNEG
62,15.5,POD0_RNEG
62,15.5,POD1_RNEG
62,15.5,POD2_RNEG
62,15.5,POD3_RNEG
63,15.75,POD0_RNEG
63,15.75,POD1_RNEG
63,15.75,POD2_RNEG
63,15.75,POD3_RNEG
64,16.0,POD0_RNEG
64,16.0,POD1_RNEG
64,16.0,POD2_RNEG
64,16.0,POD3_RNEG
65,16.25,POD0_RNEG
65,16.25,POD1_RNEG
65,16.25,POD2_RNEG
65,16.25,POD3_RNEG
66,16.5,POD0_RNEG
66,16.5,POD1_RNEG
66,16.5,POD2_RNEG
66,16.5,POD3_RNEG
67,16.75,POD0_RNEG
67,16.75,POD1_RNEG
67,16.75,POD2_RNEG
67,16.75,POD3_RNEG
68,17.0,POD0_RNEG
68,17.0,POD1_RNEG
68,17.0,POD2_RNEG
68,17.0,POD3_RNEG
69,17.25,POD0_RNEG
69,17.25,POD1_RNEG
69,17.25,POD2_RNEG
69,17.25,POD3_RNEG
70,17.5,POD0_RNEG
70,17.5,POD1_RNEG
70,17.5,POD2_RNEG
70,17.5,POD3_RNEG
71,17.75,POD0_RNEG
71,17.75,POD1_RNEG
71,17.75,POD2_RNEG
71,17.75,POD3_RNEG
72,18.0,POD0_RNEG
72,18.0,POD1_RNEG
72,18.0,POD2_RNEG
72,18.0,POD3_RNEG
73,18.25,POD0_RNEG
73,18.25,POD1_RNEG
73,18.25,POD2_RNEG
73,18.25,POD3_RNEG
75,18.75,POD0_RNEG
75,18.75,POD1_RNEG
75,18.75,POD2_RNEG
75,18.75,POD3_RNEG
76,19.0,POD0_RNEG
76,19.0,POD1_RNEG
76,19.0,POD2_RNEG
76,19.0,POD3_RNEG
76,19.0,POD0_RPOS
76,19.0,POD1_RPOS
76,19.0,POD2_RPOS
76,19.0,POD3_RPOS
77,19.25,POD0_RPOS
77,19.25,POD1_RPOS
77,19.25,POD2_RPOS
77,19.25,POD3_RPOS
78,19.5,POD0_RPOS
78,19.5,POD1_RPOS
78,19.5,POD2_RPOS
78,19.5,POD3_RPOS
79,19.75,POD0_RPOS
79,19.75,POD1_RPOS
79,19.75,POD2_RPOS
79,19.75,POD3_RPOS
80,20.0,POD0_RPOS
80,20.0,POD1_RPOS
80,20.0,POD2_RPOS
80,20.0,POD3_RPOS
81,20.25,POD0_RPOS
81,20.25,POD1_RPOS
81,20.25,POD2_RPOS
81,20.25,POD3_RPOS
82,20.5,POD0_RPOS
82,20.5,POD1_RPOS
82,20.5,POD2_RPOS
82,20.5,POD3_RPOS
83,20.75,POD0_RPOS
83,20.75,POD1_RPOS
83,20.75,POD2_RPOS
83,20.75,POD3_RPOS
84,21.0,POD0_RPOS
84,21.0,POD1_RPOS
84,21.0,POD2_RPOS
84,21.0,POD3_RPOS
85,21.25,POD0_RPOS
85,21.25,POD1_RPOS
85,21.25,POD2_RPOS
85,21.25,POD3_RPOS
86,21.5,POD0_RPOS
86,21.5,POD1_RPOS
86,21.5,POD2_RPOS
86,21.5,POD3_RPOS
87,21.75,POD0_RPOS
87,21.75,POD1_RPOS
87,21.75,POD2_RPOS
87,21.75,POD3_RPOS
88,22.0,POD0_RPOS
88,22.0,POD1_RPOS
88,22.0,POD2_RPOS
88,22.0,POD3_RPOS
89,22.25,POD0_RPOS
89,22.25,POD1_RPOS
89,22.25,POD2_RPOS
89,22.25,POD3_RPOS
90,22.5,POD0_RPOS
90,22.5,POD1_RPOS
90,22.5,POD2_RPOS
90,22.5,POD3_RPOS
91,22.75,POD0_RPOS
91,22.75,POD1_RPOS
91,22.75,POD2_RPOS
91,22.75,POD3_RPOS
92,23.0,POD0_RPOS
92,23.0,POD1_RPOS
92,23.0,POD2_RPOS
92,23.0,POD3_RPOS
93,23.25,POD0_RPOS
93,23.25,POD1_RPOS
93,23.25,POD2_RPOS
93,23.25,POD3_RPOS
98,24.5,POD0_RNEG
98,24.5,POD1_RNEG
98,24.5,POD2_RNEG
98,24.5,POD3_RNEG
99,24.75,POD0_RNEG
99,24.75,POD1_RNEG
99,24.75,POD2_RNEG
99,24.75,POD3_RNEG
100,25.0,POD0_RNEG
100,25.0,POD1_RNEG
100,25.0,POD2_RNEG
100,25.0,POD3_RNEG
101,25.25,POD0_RNEG
101,25.25,POD1_RNEG
101,25.25,POD2_RNEG
101,25.25,POD3_RNEG
102,25.5,POD0_RNEG
102,25.5,POD1_RNEG
102,25.5,POD2_RNEG
102,25.5,POD3_RNEG
103,25.75,POD0_RNEG
103,25.75,POD1_RNEG
103,25.75,POD2_RNEG
103,25.75,POD3_RNEG
104,26.0,POD0_RNEG
104,26.0,POD1_RNEG
104,26.0,POD2_RNEG
104,26.0,POD3_RNEG
105,26.25,POD0_RNEG
105,26.25,POD1_RNEG
105,26.25,POD2_RNEG
105,26.25,POD3_RNEG
106,26.5,POD0_RNEG
106,26.5,POD1_RNEG
106,26.5,POD2_RNEG
106,26.5,POD3_RNEG
107,26.75,POD0_RNEG
107,26.75,POD1_RNEG
107,26.75,POD2_RNEG
107,26.75,POD3_RNEG
108,27.0,POD0_RNEG
108,27.0,POD1_RNEG
108,27.0,POD2_RNEG
108,27.0,POD3_RNEG
109,27.25,POD0_RNEG
109,27.25,POD1_RNEG
109,27.25,POD2_RNEG
109,27.25,POD3_RNEG
110,27.5,POD0_RNEG
110,27.5,POD1_RNEG
110,27.5,POD2_RNEG
110,27.5,POD3_RNEG
112,28.0,POD0_RNEG
112,28.0,POD1_RNEG
112,28.0,POD2_RNEG
112,28.0,POD3_RNEG
117,29.25,POD0_RPOS
117,29.25,POD1_RPOS
117,29.25,POD2_RPOS
117,29.25,POD3_RPOS
119,29.75,POD0_RPOS
119,29.75,POD1_RPOS
119,29.75,POD2_RPOS
119,29.75,POD3_RPOS
120,30.0,POD0_RPOS
120,30.0,POD1_RPOS
120,30.0,POD2_RPOS
120,30.0,POD3_RPOS
121,30.25,POD0_RPOS
121,30.25,POD1_RPOS
121,30.25,POD2_RPOS
121,30.25,POD3_RPOS
122,30.5,POD0_RPOS
122,30.5,POD1_RPOS
122,30.5,POD2_RPOS
122,30.5,POD3_RPOS
123,30.75,POD0_RPOS
123,30.75,POD1_RPOS
123,30.75,POD2_RPOS
123,30.75,POD3_RPOS
124,31.0,POD0_RPOS
124,31.0,POD1_RPOS
124,31.0,POD2_RPOS
124,31.0,POD3_RPOS
125,31.25,POD0_RPOS
125,31.25,POD1_RPOS
125,31.25,POD2_RPOS
125,31.25,POD3_RPOS
126,31.5,POD0_RPOS
126,31.5,POD1_RPOS
126,31.5,POD2_RPOS
126,31.5,POD3_RPOS
127,31.75,POD0_RPOS
127,31.75,POD1_RPOS
127,31.75,POD2_RPOS
127,31.75,POD3_RPOS
128,32.0,POD0_RPOS
128,32.0,POD1_RPOS
128,32.0,POD2_RPOS
128,32.0,POD3_RPOS
129,32.25,POD0_RPOS
129,32.25,POD1_RPOS
129,32.25,POD2_RPOS
129,32.25,POD3_RPOS
131,32.75,POD0_RPOS
131,32.75,POD1_RPOS
131,32.75,POD2_RPOS
131,32.75,POD3_RPOS
132,33.0,POD0_RPOS
132,33.0,POD1_RPOS
132,33.0,POD2_RPOS
132,33.0,POD3_RPOS
136,34.0,POD0_RNEG
136,34.0,POD1_RNEG
136,34.0,POD2_RNEG
136,34.0,POD3_RNEG
138,34.5,POD0_RNEG
138,34.5,POD1_RNEG
138,34.5,POD2_RNEG
138,34.5,POD3_RNEG
140,35.0,POD0_RNEG
140,35.0,POD1_RNEG
140,35.0,POD2_RNEG
140,35.0,POD3_RNEG
141,35.25,POD0_RNEG
141,35.25,POD1_RNEG
141,35.25,POD2_RNEG
141,35.25,POD3_RNEG
142,35.5,POD0_RNEG
142,35.5,POD1_RNEG
142,35.5,POD2_RNEG
142,35.5,POD3_RNEG
143,35.75,POD0_RNEG
143,35.75,POD1_RNEG
143,35.75,POD2_RNEG
143,35.75,POD3_RNEG
144,36.0,POD0_RNEG
144,36.0,POD1_RNEG
144,36.0,POD2_RNEG
144,36.0,POD3_RNEG
145,36.25,POD0_RNEG
145,36.25,POD1_RNEG
145,36.25,POD2_RNEG
145,36.25,POD3_RNEG
146,36.5,POD0_RNEG
146,36.5,POD1_RNEG
146,36.5,POD2_RNEG
146,36.5,POD3_RNEG
148,37.0,POD0_RNEG
148,37.0,POD1_RNEG
148,37.0,POD2_RNEG
148,37.0,POD3_RNEG
150,37.5,POD0_RNEG
150,37.5,POD1_RNEG
150,37.5,POD2_RNEG
150,37.5,POD3_RNEG
151,37.75,POD0_RNEG
151,37.75,POD1_RNEG
151,37.75,POD2_RNEG
151,37.75,POD3_RNEG
156,39.0,POD0_RPOS
156,39.0,POD1_RPOS
156,39.0,POD2_RPOS
156,39.0,POD3_RPOS
159,39.75,POD0_RPOS
159,39.75,POD1_RPOS
159,39.75,POD2_RPOS
159,39.75,POD3_RPOS
160,40.0,POD0_RPOS
160,40.0,POD1_RPOS
160,40.0,POD2_RPOS
160,40.0,POD3_RPOS
161,40.25,POD0_RPOS
161,40.25,POD1_RPOS
161,40.25,POD2_RPOS
161,40.25,POD3_RPOS
162,40.5,POD0_RPOS
162,40.5,POD1_RPOS
162,40.5,POD2_RPOS
162,40.5,POD3_RPOS
163,40.75,POD0_RPOS
163,40.75,POD1_RPOS
163,40.75,POD2_RPOS
163,40.75,POD3_RPOS
164,41.0,POD0_RPOS
164,41.0,POD1_RPOS
164,41.0,POD2_RPOS
164,41.0,POD3_RPOS
166,41.5,POD0_RPOS
166,41.5,POD1_RPOS
166,41.5,POD2_RPOS
166,41.5,POD3_RPOS
169,42.25,POD0_RPOS
169,42.25,POD1_RPOS
169,42.25,POD2_RPOS
169,42.25,POD3_RPOS
176,44.0,POD0_RNEG
176,44.0,POD1_RNEG
176,44.0,POD2_RNEG
176,44.0,POD3_RNEG
178,44.5,POD0_RNEG
178,44.5,POD1_RNEG
178,44.5,POD2_RNEG
178,44.5,POD3_RNEG
179,44.75,POD0_RNEG
179,44.75,POD1_RNEG
179,44.75,POD2_RNEG
179,44.75,POD3_RNEG
181,45.25,POD0_RNEG
181,45.25,POD1_RNEG
181,45.25,POD2_RNEG
181,45.25,POD3_RNEG
183,45.75,POD0_RNEG
183,45.75,POD1_RNEG
183,45.75,POD2_RNEG
183,45.75,POD3_RNEG
185,46.25,POD0_RNEG
185,46.25,POD1_RNEG
185,46.25,POD2_RNEG
185,46.25,POD3_RNEG
186,46.5,POD0_RNEG
186,46.5,POD1_RNEG
186,46.5,POD2_RNEG
186,46.5,POD3_RNEG
189,47.25,POD0_RNEG
189,47.25,POD1_RNEG
189,47.25,POD2_RNEG
189,47.25,POD3_RNEG
190,47.5,POD0_RNEG
190,47.5,POD1_RNEG
190,47.5,POD2_RNEG
190,47.5,POD3_RNEG
195,48.75,POD0_RPOS
195,48.75,POD1_RPOS
195,48.75,POD2_RPOS
195,48.75,POD3_RPOS
198,49.5,POD0_RPOS
198,49.5,POD1_RPOS
198,49.5,POD2_RPOS
198,49.5,POD3_RPOS
200,50.0,POD0_RPOS
200,50.0,POD1_RPOS
200,50.0,POD2_RPOS
200,50.0,POD3_RPOS
203,50.75,POD0_RPOS
203,50.75,POD1_RPOS
203,50.75,POD2_RPOS
203,50.75,POD3_RPOS
205,51.25,POD0_RPOS
205,51.25,POD1_RPOS
205,51.25,POD2_RPOS
205,51.25,POD3_RPOS
206,51.5,POD0_RPOS
206,51.5,POD1_RPOS
206,51.5,POD2_RPOS
206,51.5,POD3_RPOS
215,53.75,POD0_RNEG
215,53.75,POD1_RNEG
215,53.75,POD2_RNEG
215,53.75,POD3_RNEG
218,54.5,POD0_RNEG
218,54.5,POD1_RNEG
218,54.5,POD2_RNEG
218,54.5,POD3_RNEG
221,55.25,POD0_RNEG
221,55.25,POD1_RNEG
221,55.25,POD2_RNEG
221,55.25,POD3_RNEG
225,56.25,POD0_RNEG
225,56.25,POD1_RNEG
225,56.25,POD2_RNEG
225,56.25,POD3_RNEG
233,58.25,POD0_RPOS
233,58.25,POD1_RPOS
233,58.25,POD2_RPOS
233,58.25,POD3_RPOS
237,59.25,POD0_RPOS
237,59.25,POD1_RPOS
237,59.25,POD2_RPOS
237,59.25,POD3_RPOS
241,60.25,POD0_RPOS
241,60.25,POD1_RPOS
241,60.25,POD2_RPOS
241,60.25,POD3_RPOS
242,60.5,POD0_RPOS
242,60.5,POD1_RPOS
242,60.5,POD2_RPOS
242,60.5,POD3_RPOS
253,63.25,POD0_RNEG
253,63.25,POD1_RNEG
253,63.25,POD2_RNEG
253,63.25,POD3_RNEG
259,64.75,POD0_RNEG
259,64.75,POD1_RNEG
259,64.75,POD2_RNEG
259,64.75,POD3_RNEG
260,65.0,POD0_RNEG
260,65.0,POD1_RNEG
260,65.0,POD2_RNEG
260,65.0,POD3_RNEG
271,67.75,POD0_RPOS
271,67.75,POD1_RPOS
271,67.75,POD2_RPOS
271,67.75,POD3_RPOS
284,71.0,POD0_RPOS
284,71.0,POD1_RPOS
284,71.0,POD2_RPOS
284,71.0,POD3_RPOS
290,72.5,POD0_RNEG
290,72.5,POD1_RNEG
290,72.5,POD2_RNEG
290,72.5,POD3_RNEG
296,74.0,POD0_RNEG
296,74.0,POD1_RNEG
296,74.0,POD2_RNEG
296,74.0,POD3_RNEG
311,77.75,POD0_RPOS
311,77.75,POD1_RPOS
311,77.75,POD2_RPOS
311,77.75,POD3_RPOS
317,79.25,POD0_RPOS
317,79.25,POD1_RPOS
317,79.25,POD2_RPOS
317,79.25,POD3_RPOS
326,81.5,POD0_RNEG
326,81.5,POD1_RNEG
326,81.5,POD2_RNEG
326,81.5,POD3_RNEG
327,81.75,POD0_RNEG
327,81.75,POD1_RNEG
327,81.75,POD2_RNEG
327,81.75,POD3_RNEG
332,83.0,POD0_RNEG
332,83.0,POD1_RNEG
332,83.0,POD2_RNEG
332,83.0,POD3_RNEG
333,83.25,POD0_RNEG
333,83.25,POD1_RNEG
333,83.25,POD2_RNEG
333,83.25,POD3_RNEG
346,86.5,POD0_RPOS
346,86.5,POD1_RPOS
346,86.5,POD2_RPOS
346,86.5,POD3_RPOS
353,88.25,POD0_RPOS
353,88.25,POD1_RPOS
353,88.25,POD2_RPOS
353,88.25,POD3_RPOS
362,90.5,POD0_RNEG
362,90.5,POD1_RNEG
362,90.5,POD2_RNEG
362,90.5,POD3_RNEG
368,92.0,POD0_RNEG
368,92.0,POD1_RNEG
368,92.0,POD2_RNEG
368,92.0,POD3_RNEG
382,95.5,POD0_RPOS
382,95.5,POD1_RPOS
382,95.5,POD2_RPOS
382,95.5,POD3_RPOS
388,97.0,POD0_RPOS
388,97.0,POD1_RPOS
388,97.0,POD2_RPOS
388,97.0,POD3_RPOS
389,97.25,POD0_RPOS
389,97.25,POD1_RPOS
389,97.25,POD2_RPOS
389,97.25,POD3_RPOS
397,99.25,POD0_RNEG
397,99.25,POD1_RNEG
397,99.25,POD2_RNEG
397,99.25,POD3_RNEG
398,99.5,POD0_RNEG
398,99.5,POD1_RNEG
398,99.5,POD2_RNEG
398,99.5,POD3_RNEG
403,100.75,POD0_RNEG
403,100.75,POD1_RNEG
403,100.75,POD2_RNEG
403,100.75,POD3_RNEG
404,101.0,POD0_RNEG
404,101.0,POD1_RNEG
404,101.0,POD2_RNEG
404,101.0,POD3_RNEG
417,104.25,POD0_RPOS
417,104.25,POD1_RPOS
417,104.25,POD2_RPOS
417,104.25,POD3_RPOS
418,104.5,POD0_RPOS
418,104.5,POD1_RPOS
418,104.5,POD2_RPOS
418,104.5,POD3_RPOS
424,106.0,POD0_RPOS
424,106.0,POD1_RPOS
424,106.0,POD2_RPOS
424,106.0,POD3_RPOS
433,108.25,POD0_RNEG
433,108.25,POD1_RNEG
433,108.25,POD2_RNEG
433,108.25,POD3_RNEG
439,109.75,POD0_RNEG
439,109.75,POD1_RNEG
439,109.75,POD2_RNEG
439,109.75,POD3_RNEG
453,113.25,POD0_RPOS
453,113.25,POD1_RPOS
453,113.25,POD2_RPOS
453,113.25,POD3_RPOS
460,115.0,POD0_RPOS
460,115.0,POD1_RPOS
460,115.0,POD2_RPOS
460,115.0,POD3_RPOS
469,117.25,POD0_RNEG
469,117.25,POD1_RNEG
469,117.25,POD2_RNEG
469,117.25,POD3_RNEG
475,118.75,POD0_RNEG
475,118.75,POD1_RNEG
475,118.75,POD2_RNEG
475,118.75,POD3_RNEG
489,122.25,POD0_RPOS
489,122.25,POD1_RPOS
489,122.25,POD2_RPOS
489,122.25,POD3_RPOS
495,123.75,POD0_RPOS
495,123.75,POD1_RPOS
495,123.75,POD2_RPOS
495,123.75,POD3_RPOS
496,124.0,POD0_RPOS
496,124.0,POD1_RPOS
496,124.0,POD2_RPOS
496,124.0,POD3_RPOS
504,126.0,POD0_RNEG
504,126.0,POD1_RNEG
504,126.0,POD2_RNEG
504,126.0,POD3_RNEG
505,126.25,POD0_RNEG
505,126.25,POD1_RNEG
505,126.25,POD2_RNEG
505,126.25,POD3_RNEG
510,127.5,POD0_RNEG
510,127.5,POD1_RNEG
510,127.5,POD2_RNEG
510,127.5,POD3_RNEG
524,131.0,POD0_RPOS
524,131.0,POD1_RPOS
524,131.0,POD2_RPOS
524,131.0,POD3_RPOS
525,131.25,POD0_RPOS
525,131.25,POD1_RPOS
525,131.25,POD2_RPOS
525,131.25,POD3_RPOS
531,132.75,POD0_RPOS
531,132.75,POD1_RPOS
531,132.75,POD2_RPOS
531,132.75,POD3_RPOS
540,135.0,POD0_RNEG
540,135.0,POD1_RNEG
540,135.0,POD2_RNEG
540,135.0,POD3_RNEG
546,136.5,POD0_RNEG
546,136.5,POD1_RNEG
546,136.5,POD2_RNEG
546,136.5,POD3_RNEG
560,140.0,POD0_RPOS
560,140.0,POD1_RPOS
560,140.0,POD2_RPOS
560,140.0,POD3_RPOS
567,141.75,POD0_RPOS
567,141.75,POD1_RPOS
567,141.75,POD2_RPOS
567,141.75,POD3_RPOS
576,144.0,POD0_RNEG
576,144.0,POD1_RNEG
576,144.0,POD2_RNEG
576,144.0,POD3_RNEG
581,145.25,POD0_RNEG
581,145.25,POD1_RNEG
581,145.25,POD2_RNEG
581,145.25,POD3_RNEG
582,145.5,POD0_RNEG
582,145.5,POD1_RNEG
582,145.5,POD2_RNEG
582,145.5,POD3_RNEG
595,148.75,POD0_RPOS
595,148.75,POD1_RPOS
595,148.75,POD2_RPOS
595,148.75,POD3_RPOS
596,149.0,POD0_RPOS
596,149.0,POD1_RPOS
596,149.0,POD2_RPOS
596,149.0,POD3_RPOS
602,150.5,POD0_RPOS
602,150.5,POD1_RPOS
602,150.5,POD2_RPOS
602,150.5,POD3_RPOS
611,152.75,POD0_RNEG
611,152.75,POD1_RNEG
611,152.75,POD2_RNEG
611,152.75,POD3_RNEG
617,154.25,POD0_RNEG
617,154.25,POD1_RNEG
617,154.25,POD2_RNEG
617,154.25,POD3_RNEG
631,157.75,POD0_RPOS
631,157.75,POD1_RPOS
631,157.75,POD2_RPOS
631,157.75,POD3_RPOS
638,159.5,POD0_RPOS
638,159.5,POD1_RPOS
638,159.5,POD2_RPOS
638,159.5,POD3_RPOS
647,161.75,POD0_RNEG
647,161.75,POD1_RNEG
647,161.75,POD2_RNEG
647,161.75,POD3_RNEG
652,163.0,POD0_RNEG
652,163.0,POD1_RNEG
652,163.0,POD2_RNEG
652,163.0,POD3_RNEG
653,163.25,POD0_RNEG
653,163.25,POD1_RNEG
653,163.25,POD2_RNEG
653,163.25,POD3_RNEG
666,166.5,POD0_RPOS
666,166.5,POD1_RPOS
666,166.5,POD2_RPOS
666,166.5,POD3_RPOS
667,166.75,POD0_RPOS
667,166.75,POD1_RPOS
667,166.75,POD2_RPOS
667,166.75,POD3_RPOS
673,168.25,POD0_RPOS
673,168.25,POD1_RPOS
673,168.25,POD2_RPOS
673,168.25,POD3_RPOS
682,170.5,POD0_RNEG
682,170.5,POD1_RNEG
682,170.5,POD2_RNEG
682,170.5,POD3_RNEG
688,172.0,POD0_RNEG
688,172.0,POD1_RNEG
688,172.0,POD2_RNEG
688,172.0,POD3_RNEG
702,175.5,POD0_RPOS
702,175.5,POD1_RPOS
702,175.5,POD2_RPOS
702,175.5,POD3_RPOS
709,177.25,POD0_RPOS
709,177.25,POD1_RPOS
709,177.25,POD2_RPOS
709,177.25,POD3_RPOS
718,179.5,POD0_RNEG
718,179.5,POD1_RNEG
718,179.5,POD2_RNEG
718,179.5,POD3_RNEG
723,180.75,POD0_RNEG
723,180.75,POD1_RNEG
723,180.75,POD2_RNEG
723,180.75,POD3_RNEG
724,181.0,POD0_RNEG
724,181.0,POD1_RNEG
724,181.0,POD2_RNEG
724,181.0,POD3_RNEG
737,184.25,POD0_RPOS
737,184.25,POD1_RPOS
737,184.25,POD2_RPOS
737,184.25,POD3_RPOS
738,184.5,POD0_RPOS
738,184.5,POD1_RPOS
738,184.5,POD2_RPOS
738,184.5,POD3_RPOS
744,186.0,POD0_RPOS
744,186.0,POD1_RPOS
744,186.0,POD2_RPOS
744,186.0,POD3_RPOS
753,188.25,POD0_RNEG
753,188.25,POD1_RNEG
753,188.25,POD2_RNEG
753,188.25,POD3_RNEG
759,189.75,POD0_RNEG
759,189.75,POD1_RNEG
759,189.75,POD2_RNEG
759,189.75,POD3_RNEG
773,193.25,POD0_RPOS
773,193.25,POD1_RPOS
773,193.25,POD2_RPOS
773,193.25,POD3_RPOS
780,195.0,POD0_RPOS
780,195.0,POD1_RPOS
780,195.0,POD2_RPOS
780,195.0,POD3_RPOS
789,197.25,POD0_RNEG
789,197.25,POD1_RNEG
789,197.25,POD2_RNEG
789,197.25,POD3_RNEG
795,198.75,POD0_RNEG
795,198.75,POD1_RNEG
795,198.75,POD2_RNEG
795,198.75,POD3_RNEG
809,202.25,POD0_RPOS
809,202.25,POD1_RPOS
809,202.25,POD2_RPOS
809,202.25,POD3_RPOS
815,203.75,POD0_RPOS
815,203.75,POD1_RPOS
815,203.75,POD2_RPOS
815,203.75,POD3_RPOS
824,206.0,POD0_RNEG
824,206.0,POD1_RNEG
824,206.0,POD2_RNEG
824,206.0,POD3_RNEG
830,207.5,POD0_RNEG
830,207.5,POD1_RNEG
830,207.5,POD2_RNEG
830,207.5,POD3_RNEG
844,211.0,POD0_RPOS
844,211.0,POD1_RPOS
844,211.0,POD2_RPOS
844,211.0,POD3_RPOS
851,212.75,POD0_RPOS
851,212.75,POD1_RPOS
851,212.75,POD2_RPOS
851,212.75,POD3_RPOS
860,215.0,POD0_RNEG
860,215.0,POD1_RNEG
860,215.0,POD2_RNEG
860,215.0,POD3_RNEG
866,216.5,POD0_RNEG
866,216.5,POD1_RNEG
866,216.5,POD2_RNEG
866,216.5,POD3_RNEG
880,220.0,POD0_RPOS
880,220.0,POD1_RPOS
880,220.0,POD2_RPOS
880,220.0,POD3_RPOS
886,221.5,POD0_RPOS
886,221.5,POD1_RPOS
886,221.5,POD2_RPOS
886,221.5,POD3_RPOS
895,223.75,POD0_RNEG
895,223.75,POD1_RNEG
895,223.75,POD2_RNEG
895,223.75,POD3_RNEG
901,225.25,POD0_RNEG
901,225.25,POD1_RNEG
901,225.25,POD2_RNEG
901,225.25,POD3_RNEG
915,228.75,POD0_RPOS
915,228.75,POD1_RPOS
915,228.75,POD2_RPOS
915,228.75,POD3_RPOS
921,230.25,POD0_RPOS
921,230.25,POD1_RPOS
921,230.25,POD2_RPOS
921,230.25,POD3_RPOS
922,230.5,POD0_RPOS
922,230.5,POD1_RPOS
922,230.5,POD2_RPOS
922,230.5,POD3_RPOS
931,232.75,POD0_RNEG
931,232.75,POD1_RNEG
931,232.75,POD2_RNEG
931,232.75,POD3_RNEG
936,234.0,POD0_RNEG
936,234.0,POD1_RNEG
936,234.0,POD2_RNEG
936,234.0,POD3_RNEG
937,234.25,POD0_RNEG
937,234.25,POD1_RNEG
937,234.25,POD2_RNEG
937,234.25,POD3_RNEG
951,237.75,POD0_RPOS
951,237.75,POD1_RPOS
951,237.75,POD2_RPOS
951,237.75,POD3_RPOS
957,239.25,POD0_RPOS
957,239.25,POD1_RPOS
957,239.25,POD2_RPOS
957,239.25,POD3_RPOS
958,239.5,POD0_RPOS
958,239.5,POD1_RPOS
958,239.5,POD2_RPOS
958,239.5,POD3_RPOS
966,241.5,POD0_RNEG
966,241.5,POD1_RNEG
966,241.5,POD2_RNEG
966,241.5,POD3_RNEG
972,243.0,POD0_RNEG
972,243.0,POD1_RNEG
972,243.0,POD2_RNEG
972,243.0,POD3_RNEG
986,246.5,POD0_RPOS
986,246.5,POD1_RPOS
986,246.5,POD2_RPOS
986,246.5,POD3_RPOS
993,248.25,POD0_RPOS
993,248.25,POD1_RPOS
993,248.25,POD2_RPOS
993,248.25,POD3_RPOS
1002,250.5,POD0_RNEG
1002,250.5,POD1_RNEG
1002,250.5,POD2_RNEG
1002,250.5,POD3_RNEG
1008,252.0,POD0_RNEG
1008,252.0,POD1_RNEG
1008,252.0,POD2_RNEG
1008,252.0,POD3_RNEG
1022,255.5,POD0_RPOS
1022,255.5,POD1_RPOS
1022,255.5,POD2_RPOS
1022,255.5,POD3_RPOS
1029,257.25,POD0_RPOS
1029,257.25,POD1_RPOS
1029,257.25,POD2_RPOS
1029,257.25,POD3_RPOS
1037,259.25,POD0_RNEG
1037,259.25,POD1_RNEG
1037,259.25,POD2_RNEG
1037,259.25,POD3_RNEG
1038,259.5,POD0_RNEG
1038,259.5,POD1_RNEG
1038,259.5,POD2_RNEG
1038,259.5,POD3_RNEG
1044,261.0,POD0_RNEG
1044,261.0,POD1_RNEG
1044,261.0,POD2_RNEG
1044,261.0,POD3_RNEG
1057,264.25,POD0_RPOS
1057,264.25,POD1_RPOS
1057,264.25,POD2_RPOS
1057,264.25,POD3_RPOS
1058,264.5,POD0_RPOS
1058,264.5,POD1_RPOS
1058,264.5,POD2_RPOS
1058,264.5,POD3_RPOS
1064,266.0,POD0_RPOS
1064,266.0,POD1_RPOS
1064,266.0,POD2_RPOS
1064,266.0,POD3_RPOS
1073,268.25,POD0_RNEG
1073,268.25,POD1_RNEG
1073,268.25,POD2_RNEG
1073,268.25,POD3_RNEG
1079,269.75,POD0_RNEG
1079,269.75,POD1_RNEG
1079,269.75,POD2_RNEG
1079,269.75,POD3_RNEG
1093,273.25,POD0_RPOS
1093,273.25,POD1_RPOS
1093,273.25,POD2_RPOS
1093,273.25,POD3_RPOS
1094,273.5,POD0_RPOS
1094,273.5,POD1_RPOS
1094,273.5,POD2_RPOS
1094,273.5,POD3_RPOS
1100,275.0,POD0_RPOS
1100,275.0,POD1_RPOS
1100,275.0,POD2_RPOS
1100,275.0,POD3_RPOS
1109,277.25,POD0_RNEG
1109,277.25,POD1_RNEG
1109,277.25,POD2_RNEG
1109,277.25,POD3_RNEG
1115,278.75,POD0_RNEG
1115,278.75,POD1_RNEG
1115,278.75,POD2_RNEG
1115,278.75,POD3_RNEG
1129,282.25,POD0_RPOS
1129,282.25,POD1_RPOS
1129,282.25,POD2_RPOS
1129,282.25,POD3_RPOS
1135,283.75,POD0_RPOS
1135,283.75,POD1_RPOS
1135,283.75,POD2_RPOS
1135,283.75,POD3_RPOS
1144,286.0,POD0_RNEG
1144,286.0,POD1_RNEG
1144,286.0,POD2_RNEG
1144,286.0,POD3_RNEG
1145,286.25,POD0_RNEG
1145,286.25,POD1_RNEG
1145,286.25,POD2_RNEG
1145,286.25,POD3_RNEG
1150,287.5,POD0_RNEG
1150,287.5,POD1_RNEG
1150,287.5,POD2_RNEG
1150,287.5,POD3_RNEG
1164,291.0,POD0_RPOS
1164,291.0,POD1_RPOS
1164,291.0,POD2_RPOS
1164,291.0,POD3_RPOS
1165,291.25,POD0_RPOS
1165,291.25,POD1_RPOS
1165,291.25,POD2_RPOS
1165,291.25,POD3_RPOS
1171,292.75,POD0_RPOS
1171,292.75,POD1_RPOS
1171,292.75,POD2_RPOS
1171,292.75,POD3_RPOS
1180,295.0,POD0_RNEG
1180,295.0,POD1_RNEG
1180,295.0,POD2_RNEG
1180,295.0,POD3_RNEG
1186,296.5,POD0_RNEG
1186,296.5,POD1_RNEG
1186,296.5,POD2_RNEG
1186,296.5,POD3_RNEG
1200,300.0,POD0_RPOS
1200,300.0,POD1_RPOS
1200,300.0,POD2_RPOS
1200,300.0,POD3_RPOS
1206,301.5,POD0_RPOS
1206,301.5,POD1_RPOS
1206,301.5,POD2_RPOS
1206,301.5,POD3_RPOS
1207,301.75,POD0_RPOS
1207,301.75,POD1_RPOS
1207,301.75,POD2_RPOS
1207,301.75,POD3_RPOS
1215,303.75,POD0_RNEG
1215,303.75,POD1_RNEG
1215,303.75,POD2_RNEG
1215,303.75,POD3_RNEG
1216,304.0,POD0_RNEG
1216,304.0,POD1_RNEG
1216,304.0,POD2_RNEG
1216,304.0,POD3_RNEG
1221,305.25,POD0_RNEG
1221,305.25,POD1_RNEG
1221,305.25,POD2_RNEG
1221,305.25,POD3_RNEG
1222,305.5,POD0_RNEG
1222,305.5,POD1_RNEG
1222,305.5,POD2_RNEG
1222,305.5,POD3_RNEG
1235,308.75,POD0_RPOS
1235,308.75,POD1_RPOS
1235,308.75,POD2_RPOS
1235,308.75,POD3_RPOS
1236,309.0,POD0_RPOS
1236,309.0,POD1_RPOS
1236,309.0,POD2_RPOS
1236,309.0,POD3_RPOS
1242,310.5,POD0_RPOS
1242,310.5,POD1_RPOS
1242,310.5,POD2_RPOS
1242,310.5,POD3_RPOS
1251,312.75,POD0_RNEG
1251,312.75,POD1_RNEG
1251,312.75,POD2_RNEG
1251,312.75,POD3_RNEG
1257,314.25,POD0_RNEG
1257,314.25,POD1_RNEG
1257,314.25,POD2_RNEG
1257,314.25,POD3_RNEG
1271,317.75,POD0_RPOS
1271,317.75,POD1_RPOS
1271,317.75,POD2_RPOS
1271,317.75,POD3_RPOS
1278,319.5,POD0_RPOS
1278,319.5,POD1_RPOS
1278,319.5,POD2_RPOS
1278,319.5,POD3_RPOS
1287,321.75,POD0_RNEG
1287,321.75,POD1_RNEG
1287,321.75,POD2_RNEG
1287,321.75,POD3_RNEG
1293,323.25,POD0_RNEG
1293,323.25,POD1_RNEG
1293,323.25,POD2_RNEG
1293,323.25,POD3_RNEG
1306,326.5,POD0_RPOS
1306,326.5,POD1_RPOS
1306,326.5,POD2_RPOS
1306,326.5,POD3_RPOS
1307,326.75,POD0_RPOS
1307,326.75,POD1_RPOS
1307,326.75,POD2_RPOS
1307,326.75,POD3_RPOS
1313,328.25,POD0_RPOS
1313,328.25,POD1_RPOS
1313,328.25,POD2_RPOS
1313,328.25,POD3_RPOS
1322,330.5,POD0_RNEG
1322,330.5,POD1_RNEG
1322,330.5,POD2_RNEG
1322,330.5,POD3_RNEG
1328,332.0,POD0_RNEG
1328,332.0,POD1_RNEG
1328,332.0,POD2_RNEG
1328,332.0,POD3_RNEG
1342,335.5,POD0_RPOS
1342,335.5,POD1_RPOS
1342,335.5,POD2_RPOS
1342,335.5,POD3_RPOS
1348,337.0,POD0_RPOS
1348,337.0,POD1_RPOS
1348,337.0,POD2_RPOS
1348,337.0,POD3_RPOS
1349,337.25,POD0_RPOS
1349,337.25,POD1_RPOS
1349,337.25,POD2_RPOS
1349,337.25,POD3_RPOS
1358,339.5,POD0_RNEG
1358,339.5,POD1_RNEG
1358,339.5,POD2_RNEG
1358,339.5,POD3_RNEG
1363,340.75,POD0_RNEG
1363,340.75,POD1_RNEG
1363,340.75,POD2_RNEG
1363,340.75,POD3_RNEG
1364,341.0,POD0_RNEG
1364,341.0,POD1_RNEG
1364,341.0,POD2_RNEG
1364,341.0,POD3_RNEG
1378,344.5,POD0_RNEG
1378,344.5,POD1_RNEG
1378,344.5,POD2_RNEG
1378,344.5,POD3_RNEG
1379,344.75,POD0_RNEG
1379,344.75,POD1_RNEG
1379,344.75,POD2_RNEG
1379,344.75,POD3_RNEG
1380,345.0,POD0_RNEG
1380,345.0,POD1_RNEG
1380,345.0,POD2_RNEG
1380,345.0,POD3_RNEG
1381,345.25,POD0_RNEG
1381,345.25,POD1_RNEG
1381,345.25,POD2_RNEG
1381,345.25,POD3_RNEG
1382,345.5,POD0_RNEG
1382,345.5,POD1_RNEG
1382,345.5,POD2_RNEG
1382,345.5,POD3_RNEG
1383,345.75,POD0_RNEG
1383,345.75,POD1_RNEG
1383,345.75,POD2_RNEG
1383,345.75,POD3_RNEG
1384,346.0,POD0_RNEG
1384,346.0,POD1_RNEG
1384,346.0,POD2_RNEG
1384,346.0,POD3_RNEG
1385,346.25,POD0_RNEG
1385,346.25,POD1_RNEG
1385,346.25,POD2_RNEG
1385,346.25,POD3_RNEG
1386,346.5,POD0_RNEG
1386,346.5,POD1_RNEG
1386,346.5,POD2_RNEG
1386,346.5,POD3_RNEG
1387,346.75,POD0_RNEG
1387,346.75,POD1_RNEG
1387,346.75,POD2_RNEG
1387,346.75,POD3_RNEG
1388,347.0,POD0_RNEG
1388,347.0,POD1_RNEG
1388,347.0,POD2_RNEG
1388,347.0,POD3_RNEG
1389,347.25,POD0_RNEG
1389,347.25,POD1_RNEG
1389,347.25,POD2_RNEG
1389,347.25,POD3_RNEG
1390,347.5,POD0_RNEG
1390,347.5,POD1_RNEG
1390,347.5,POD2_RNEG
1390,347.5,POD3_RNEG
1391,347.75,POD0_RNEG
1391,347.75,POD1_RNEG
1391,347.75,POD2_RNEG
1391,347.75,POD3_RNEG
1393,348.25,POD0_RPOS
1393,348.25,POD1_RPOS
1393,348.25,POD2_RPOS
1393,348.25,POD3_RPOS
1394,348.5,POD0_RPOS
1394,348.5,POD1_RPOS
1394,348.5,POD2_RPOS
1394,348.5,POD3_RPOS
1395,348.75,POD0_RPOS
1395,348.75,POD1_RPOS
1395,348.75,POD2_RPOS
1395,348.75,POD3_RPOS
1396,349.0,POD0_RPOS
1396,349.0,POD1_RPOS
1396,349.0,POD2_RPOS
1396,349.0,POD3_RPOS
1397,349.25,POD0_RPOS
1397,349.25,POD1_RPOS
1397,349.25,POD2_RPOS
1397,349.25,POD3_RPOS
1398,349.5,POD0_RPOS
1398,349.5,POD1_RPOS
1398,349.5,POD2_RPOS
1398,349.5,POD3_RPOS
1399,349.75,POD0_RPOS
1399,349.75,POD1_RPOS
1399,349.75,POD2_RPOS
1399,349.75,POD3_RPOS
1400,350.0,POD0_RPOS
1400,350.0,POD1_RPOS
1400,350.0,POD2_RPOS
1400,350.0,POD3_RPOS
1401,350.25,POD0_RPOS
1401,350.25,POD1_RPOS
1401,350.25,POD2_RPOS
1401,350.25,POD3_RPOS
1402,350.5,POD0_RPOS
1402,350.5,POD1_RPOS
1402,350.5,POD2_RPOS
1402,350.5,POD3_RPOS
1403,350.75,POD0_RPOS
1403,350.75,POD1_RPOS
1403,350.75,POD2_RPOS
1403,350.75,POD3_RPOS
1404,351.0,POD0_RPOS
1404,351.0,POD1_RPOS
1404,351.0,POD2_RPOS
1404,351.0,POD3_RPOS
1405,351.25,POD0_RPOS
1405,351.25,POD1_RPOS
1405,351.25,POD2_RPOS
1405,351.25,POD3_RPOS
1406,351.5,POD0_RPOS
1406,351.5,POD1_RPOS
1406,351.5,POD2_RPOS
1406,351.5,POD3_RPOS
1407,351.75,POD0_RPOS
1407,351.75,POD1_RPOS
1407,351.75,POD2_RPOS
1407,351.75,POD3_RPOS
1408,352.0,POD0_RPOS
1408,352.0,POD1_RPOS
1408,352.0,POD2_RPOS
1408,352.0,POD3_RPOS
1409,352.25,POD0_RPOS
1409,352.25,POD1_RPOS
1409,352.25,POD2_RPOS
1409,352.25,POD3_RPOS
1410,352.5,POD0_RPOS
1410,352.5,POD1_RPOS
1410,352.5,POD2_RPOS
1410,352.5,POD3_RPOS
1411,352.75,POD0_RPOS
1411,352.75,POD1_RPOS
1411,352.75,POD2_RPOS
1411,352.75,POD3_RPOS
1413,353.25,POD0_RNEG
1413,353.25,POD1_RNEG
1413,353.25,POD2_RNEG
1413,353.25,POD3_RNEG
1414,353.5,POD0_RNEG
1414,353.5,POD1_RNEG
1414,353.5,POD2_RNEG
1414,353.5,POD3_RNEG
1415,353.75,POD0_RNEG
1415,353.75,POD1_RNEG
1415,353.75,POD2_RNEG
1415,353.75,POD3_RNEG
1416,354.0,POD0_RNEG
1416,354.0,POD1_RNEG
1416,354.0,POD2_RNEG
1416,354.0,POD3_RNEG
1417,354.25,POD0_RNEG
1417,354.25,POD1_RNEG
1417,354.25,POD2_RNEG
1417,354.25,POD3_RNEG
1418,354.5,POD0_RNEG
1418,354.5,POD1_RNEG
1418,354.5,POD2_RNEG
1418,354.5,POD3_RNEG
1419,354.75,POD0_RNEG
1419,354.75,POD1_RNEG
1419,354.75,POD2_RNEG
1419,354.75,POD3_RNEG
1420,355.0,POD0_RNEG
1420,355.0,POD1_RNEG
1420,355.0,POD2_RNEG
1420,355.0,POD3_RNEG
1421,355.25,POD0_RNEG
1421,355.25,POD1_RNEG
1421,355.25,POD2_RNEG
1421,355.25,POD3_RNEG
1422,355.5,POD0_RNEG
1422,355.5,POD1_RNEG
1422,355.5,POD2_RNEG
1422,355.5,POD3_RNEG
1423,355.75,POD0_RNEG
1423,355.75,POD1_RNEG
1423,355.75,POD2_RNEG
1423,355.75,POD3_RNEG
1424,356.0,POD0_RNEG
1424,356.0,POD1_RNEG
1424,356.0,POD2_RNEG
1424,356.0,POD3_RNEG
1425,356.25,POD0_RNEG
1425,356.25,POD1_RNEG
1425,356.25,POD2_RNEG
1425,356.25,POD3_RNEG
1426,356.5,POD0_RNEG
1426,356.5,POD1_RNEG
1426,356.5,POD2_RNEG
1426,356.5,POD3_RNEG
1427,356.75,POD0_RNEG
1427,356.75,POD1_RNEG
1427,356.75,POD2_RNEG
1427,356.75,POD3_RNEG
1428,357.0,POD0_RNEG
1428,357.0,POD1_RNEG
1428,357.0,POD2_RNEG
1428,357.0,POD3_RNEG
1429,357.25,POD0_RNEG
1429,357.25,POD1_RNEG
1429,357.25,POD2_RNEG
1429,357.25,POD3_RNEG
1431,357.75,POD0_RNEG
1431,357.75,POD1_RNEG
1431,357.75,POD2_RNEG
1431,357.75,POD3_RNEG
1433,358.25,POD0_RPOS
1433,358.25,POD1_RPOS
1433,358.25,POD2_RPOS
1433,358.25,POD3_RPOS
1434,358.5,POD0_RPOS
1434,358.5,POD1_RPOS
1434,358.5,POD2_RPOS
1434,358.5,POD3_RPOS
1435,358.75,POD0_RPOS
1435,358.75,POD1_RPOS
1435,358.75,POD2_RPOS
1435,358.75,POD3_RPOS
1436,359.0,POD0_RPOS
1436,359.0,POD1_RPOS
1436,359.0,POD2_RPOS
1436,359.0,POD3_RPOS
1437,359.25,POD0_RPOS
1437,359.25,POD1_RPOS
1437,359.25,POD2_RPOS
1437,359.25,POD3_RPOS
1438,359.5,POD0_RPOS
1438,359.5,POD1_RPOS
1438,359.5,POD2_RPOS
1438,359.5,POD3_RPOS
1439,359.75,POD0_RPOS
1439,359.75,POD1_RPOS
1439,359.75,POD2_RPOS
1439,359.75,POD3_RPOS
1440,360.0,POD0_RPOS
1440,360.0,POD1_RPOS
1440,360.0,POD2_RPOS
1440,360.0,POD3_RPOS
1441,360.25,POD0_RPOS
1441,360.25,POD1_RPOS
1441,360.25,POD2_RPOS
1441,360.25,POD3_RPOS
1442,360.5,POD0_RPOS
1442,360.5,POD1_RPOS
1442,360.5,POD2_RPOS
1442,360.5,POD3_RPOS
1443,360.75,POD0_RPOS
1443,360.75,POD1_RPOS
1443,360.75,POD2_RPOS
1443,360.75,POD3_RPOS
1444,361.0,POD0_RPOS
1444,361.0,POD1_RPOS
1444,361.0,POD2_RPOS
1444,361.0,POD3_RPOS
1445,361.25,POD0_RPOS
1445,361.25,POD1_RPOS
1445,361.25,POD2_RPOS
1445,361.25,POD3_RPOS
1446,361.5,POD0_RPOS
1446,361.5,POD1_RPOS
1446,361.5,POD2_RPOS
1446,361.5,POD3_RPOS
1447,361.75,POD0_RPOS
1447,361.75,POD1_RPOS
1447,361.75,POD2_RPOS
1447,361.75,POD3_RPOS
1448,362.0,POD0_RPOS
1448,362.0,POD1_RPOS
1448,362.0,POD2_RPOS
1448,362.0,POD3_RPOS
1450,362.5,POD0_RPOS
1450,362.5,POD1_RPOS
1450,362.5,POD2_RPOS
1450,362.5,POD3_RPOS
1453,363.25,POD0_RNEG
1453,363.25,POD1_RNEG
1453,363.25,POD2_RNEG
1453,363.25,POD3_RNEG
1454,363.5,POD0_RNEG
1454,363.5,POD1_RNEG
1454,363.5,POD2_RNEG
1454,363.5,POD3_RNEG
1455,363.75,POD0_RNEG
1455,363.75,POD1_RNEG
1455,363.75,POD2_RNEG
1455,363.75,POD3_RNEG
1456,364.0,POD0_RNEG
1456,364.0,POD1_RNEG
1456,364.0,POD2_RNEG
1456,364.0,POD3_RNEG
1457,364.25,POD0_RNEG
1457,364.25,POD1_RNEG
1457,364.25,POD2_RNEG
1457,364.25,POD3_RNEG
1458,364.5,POD0_RNEG
1458,364.5,POD1_RNEG
1458,364.5,POD2_RNEG
1458,364.5,POD3_RNEG
1459,364.75,POD0_RNEG
1459,364.75,POD1_RNEG
1459,364.75,POD2_RNEG
1459,364.75,POD3_RNEG
1460,365.0,POD0_RNEG
1460,365.0,POD1_RNEG
1460,365.0,POD2_RNEG
1460,365.0,POD3_RNEG
1461,365.25,POD0_RNEG
1461,365.25,POD1_RNEG
1461,365.25,POD2_RNEG
1461,365.25,POD3_RNEG
1462,365.5,POD0_RNEG
1462,365.5,POD1_RNEG
1462,365.5,POD2_RNEG
1462,365.5,POD3_RNEG
1463,365.75,POD0_RNEG
1463,365.75,POD1_RNEG
1463,365.75,POD2_RNEG
1463,365.75,POD3_RNEG
1464,366.0,POD0_RNEG
1464,366.0,POD1_RNEG
1464,366.0,POD2_RNEG
1464,366.0,POD3_RNEG
1465,366.25,POD0_RNEG
1465,366.25,POD1_RNEG
1465,366.25,POD2_RNEG
1465,366.25,POD3_RNEG
1466,366.5,POD0_RNEG
1466,366.5,POD1_RNEG
1466,366.5,POD2_RNEG
1466,366.5,POD3_RNEG
1468,367.0,POD0_RNEG
1468,367.0,POD1_RNEG
1468,367.0,POD2_RNEG
1468,367.0,POD3_RNEG
1473,368.25,POD0_RPOS
1473,368.25,POD1_RPOS
1473,368.25,POD2_RPOS
1473,368.25,POD3_RPOS
1475,368.75,POD0_RPOS
1475,368.75,POD1_RPOS
1475,368.75,POD2_RPOS
1475,368.75,POD3_RPOS
1476,369.0,POD0_RPOS
1476,369.0,POD1_RPOS
1476,369.0,POD2_RPOS
1476,369.0,POD3_RPOS
1477,369.25,POD0_RPOS
1477,369.25,POD1_RPOS
1477,369.25,POD2_RPOS
1477,369.25,POD3_RPOS
1478,369.5,POD0_RPOS
1478,369.5,POD1_RPOS
1478,369.5,POD2_RPOS
1478,369.5,POD3_RPOS
1479,369.75,POD0_RPOS
1479,369.75,POD1_RPOS
1479,369.75,POD2_RPOS
1479,369.75,POD3_RPOS
1480,370.0,POD0_RPOS
1480,370.0,POD1_RPOS
1480,370.0,POD2_RPOS
1480,370.0,POD3_RPOS
1481,370.25,POD0_RPOS
1481,370.25,POD1_RPOS
1481,370.25,POD2_RPOS
1481,370.25,POD3_RPOS
1482,370.5,POD0_RPOS
1482,370.5,POD1_RPOS
1482,370.5,POD2_RPOS
1482,370.5,POD3_RPOS
1483,370.75,POD0_RPOS
1483,370.75,POD1_RPOS
1483,370.75,POD2_RPOS
1483,370.75,POD3_RPOS
1484,371.0,POD0_RPOS
1484,371.0,POD1_RPOS
1484,371.0,POD2_RPOS
1484,371.0,POD3_RPOS
1486,371.5,POD0_RPOS
1486,371.5,POD1_RPOS
1486,371.5,POD2_RPOS
1486,371.5,POD3_RPOS
1488,372.0,POD0_RPOS
1488,372.0,POD1_RPOS
1488,372.0,POD2_RPOS
1488,372.0,POD3_RPOS
1491,372.75,POD0_RNEG
1491,372.75,POD1_RNEG
1491,372.75,POD2_RNEG
1491,372.75,POD3_RNEG
1494,373.5,POD0_RNEG
1494,373.5,POD1_RNEG
1494,373.5,POD2_RNEG
1494,373.5,POD3_RNEG
1495,373.75,POD0_RNEG
1495,373.75,POD1_RNEG
1495,373.75,POD2_RNEG
1495,373.75,POD3_RNEG
1496,374.0,POD0_RNEG
1496,374.0,POD1_RNEG
1496,374.0,POD2_RNEG
1496,374.0,POD3_RNEG
1497,374.25,POD0_RNEG
1497,374.25,POD1_RNEG
1497,374.25,POD2_RNEG
1497,374.25,POD3_RNEG
1498,374.5,POD0_RNEG
1498,374.5,POD1_RNEG
1498,374.5,POD2_RNEG
1498,374.5,POD3_RNEG
1499,374.75,POD0_RNEG
1499,374.75,POD1_RNEG
1499,374.75,POD2_RNEG
1499,374.75,POD3_RNEG
1500,375.0,POD0_RNEG
1500,375.0,POD1_RNEG
1500,375.0,POD2_RNEG
1500,375.0,POD3_RNEG
1501,375.25,POD0_RNEG
1501,375.25,POD1_RNEG
1501,375.25,POD2_RNEG
1501,375.25,POD3_RNEG
1503,375.75,POD0_RNEG
1503,375.75,POD1_RNEG
1503,375.75,POD2_RNEG
1503,375.75,POD3_RNEG
1505,376.25,POD0_RNEG
1505,376.25,POD1_RNEG
1505,376.25,POD2_RNEG
1505,376.25,POD3_RNEG
1507,376.75,POD0_RNEG
1507,376.75,POD1_RNEG
1507,376.75,POD2_RNEG
1507,376.75,POD3_RNEG
1512,378.0,POD0_RPOS
1512,378.0,POD1_RPOS
1512,378.0,POD2_RPOS
1512,378.0,POD3_RPOS
1514,378.5,POD0_RPOS
1514,378.5,POD1_RPOS
1514,378.5,POD2_RPOS
1514,378.5,POD3_RPOS
1515,378.75,POD0_RPOS
1515,378.75,POD1_RPOS
1515,378.75,POD2_RPOS
1515,378.75,POD3_RPOS
1516,379.0,POD0_RPOS
1516,379.0,POD1_RPOS
1516,379.0,POD2_RPOS
1516,379.0,POD3_RPOS
1517,379.25,POD0_RPOS
1517,379.25,POD1_RPOS
1517,379.25,POD2_RPOS
1517,379.25,POD3_RPOS
1518,379.5,POD0_RPOS
1518,379.5,POD1_RPOS
1518,379.5,POD2_RPOS
1518,379.5,POD3_RPOS
1520,380.0,POD0_RPOS
1520,380.0,POD1_RPOS
1520,380.0,POD2_RPOS
1520,380.0,POD3_RPOS
1521,380.25,POD0_RPOS
1521,380.25,POD1_RPOS
1521,380.25,POD2_RPOS
1521,380.25,POD3_RPOS
1522,380.5,POD0_RPOS
1522,380.5,POD1_RPOS
1522,380.5,POD2_RPOS
1522,380.5,POD3_RPOS
1524,381.0,POD0_RPOS
1524,381.0,POD1_RPOS
1524,381.0,POD2_RPOS
1524,381.0,POD3_RPOS
1527,381.75,POD0_RPOS
1527,381.75,POD1_RPOS
1527,381.75,POD2_RPOS
1527,381.75,POD3_RPOS
1532,383.0,POD0_RNEG
1532,383.0,POD1_RNEG
1532,383.0,POD2_RNEG
1532,383.0,POD3_RNEG
1534,383.5,POD0_RNEG
1534,383.5,POD1_RNEG
1534,383.5,POD2_RNEG
1534,383.5,POD3_RNEG
1536,384.0,POD0_RNEG
1536,384.0,POD1_RNEG
1536,384.0,POD2_RNEG
1536,384.0,POD3_RNEG
1538,384.5,POD0_RNEG
1538,384.5,POD1_RNEG
1538,384.5,POD2_RNEG
1538,384.5,POD3_RNEG
1540,385.0,POD0_RNEG
1540,385.0,POD1_RNEG
1540,385.0,POD2_RNEG
1540,385.0,POD3_RNEG
1542,385.5,POD0_RNEG
1542,385.5,POD1_RNEG
1542,385.5,POD2_RNEG
1542,385.5,POD3_RNEG
1545,386.25,POD0_RNEG
1545,386.25,POD1_RNEG
1545,386.25,POD2_RNEG
1545,386.25,POD3_RNEG
1552,388.0,POD0_RPOS
1552,388.0,POD1_RPOS
1552,388.0,POD2_RPOS
1552,388.0,POD3_RPOS
1554,388.5,POD0_RPOS
1554,388.5,POD1_RPOS
1554,388.5,POD2_RPOS
1554,388.5,POD3_RPOS
1556,389.0,POD0_RPOS
1556,389.0,POD1_RPOS
1556,389.0,POD2_RPOS
1556,389.0,POD3_RPOS
1558,389.5,POD0_RPOS
1558,389.5,POD1_RPOS
1558,389.5,POD2_RPOS
1558,389.5,POD3_RPOS
1560,390.0,POD0_RPOS
1560,390.0,POD1_RPOS
1560,390.0,POD2_RPOS
1560,390.0,POD3_RPOS
1563,390.75,POD0_RPOS
1563,390.75,POD1_RPOS
1563,390.75,POD2_RPOS
1563,390.75,POD3_RPOS
1571,392.75,POD0_RNEG
1571,392.75,POD1_RNEG
1571,392.75,POD2_RNEG
1571,392.75,POD3_RNEG
1574,393.5,POD0_RNEG
1574,393.5,POD1_RNEG
1574,393.5,POD2_RNEG
1574,393.5,POD3_RNEG
1576,394.0,POD0_RNEG
1576,394.0,POD1_RNEG
1576,394.0,POD2_RNEG
1576,394.0,POD3_RNEG
1577,394.25,POD0_RNEG
1577,394.25,POD1_RNEG
1577,394.25,POD2_RNEG
1577,394.25,POD3_RNEG
1579,394.75,POD0_RNEG
1579,394.75,POD1_RNEG
1579,394.75,POD2_RNEG
1579,394.75,POD3_RNEG
1582,395.5,POD0_RNEG
1582,395.5,POD1_RNEG
1582,395.5,POD2_RNEG
1582,395.5,POD3_RNEG
1589,397.25,POD0_RPOS
1589,397.25,POD1_RPOS
1589,397.25,POD2_RPOS
1589,397.25,POD3_RPOS
1590,397.5,POD0_RPOS
1590,397.5,POD1_RPOS
1590,397.5,POD2_RPOS
1590,397.5,POD3_RPOS
1593,398.25,POD0_RPOS
1593,398.25,POD1_RPOS
1593,398.25,POD2_RPOS
1593,398.25,POD3_RPOS
1596,399.0,POD0_RPOS
1596,399.0,POD1_RPOS
1596,399.0,POD2_RPOS
1596,399.0,POD3_RPOS
1600,400.0,POD0_RPOS
1600,400.0,POD1_RPOS
1600,400.0,POD2_RPOS
1600,400.0,POD3_RPOS
1609,402.25,POD0_RNEG
1609,402.25,POD1_RNEG
1609,402.25,POD2_RNEG
1609,402.25,POD3_RNEG
1613,403.25,POD0_RNEG
1613,403.25,POD1_RNEG
1613,403.25,POD2_RNEG
1613,403.25,POD3_RNEG
1617,404.25,POD0_RNEG
1617,404.25,POD1_RNEG
1617,404.25,POD2_RNEG
1617,404.25,POD3_RNEG
1618,404.5,POD0_RNEG
1618,404.5,POD1_RNEG
1618,404.5,POD2_RNEG
1618,404.5,POD3_RNEG
1629,407.25,POD0_RPOS
1629,407.25,POD1_RPOS
1629,407.25,POD2_RPOS
1629,407.25,POD3_RPOS
1633,408.25,POD0_RPOS
1633,408.25,POD1_RPOS
1633,408.25,POD2_RPOS
1633,408.25,POD3_RPOS
1634,408.5,POD0_RPOS
1634,408.5,POD1_RPOS
1634,408.5,POD2_RPOS
1634,408.5,POD3_RPOS
1649,412.25,POD0_RNEG
1649,412.25,POD1_RNEG
1649,412.25,POD2_RNEG
1649,412.25,POD3_RNEG
1650,412.5,POD0_RNEG
1650,412.5,POD1_RNEG
1650,412.5,POD2_RNEG
1650,412.5,POD3_RNEG
1667,416.75,POD0_RPOS
1667,416.75,POD1_RPOS
1667,416.75,POD2_RPOS
1667,416.75,POD3_RPOS
1673,418.25,POD0_RNEG
1673,418.25,POD1_RNEG
1673,418.25,POD2_RNEG
1673,418.25,POD3_RNEG
1698,424.5,POD0_RPOS
1698,424.5,POD1_RPOS
1698,424.5,POD2_RPOS
1698,424.5,POD3_RPOS
1710,427.5,POD0_RNEG
1710,427.5,POD1_RNEG
1710,427.5,POD2_RNEG
1710,427.5,POD3_RNEG
1738,434.5,POD0_RPOS
1738,434.5,POD1_RPOS
1738,434.5,POD2_RPOS
1738,434.5,POD3_RPOS
1745,436.25,POD0_RNEG
1745,436.25,POD1_RNEG
1745,436.25,POD2_RNEG
1745,436.25,POD3_RNEG
1746,436.5,POD0_RNEG
1746,436.5,POD1_RNEG
1746,436.5,POD2_RNEG
1746,436.5,POD3_RNEG
1764,441.0,POD0_RPOS
1764,441.0,POD1_RPOS
1764,441.0,POD2_RPOS
1764,441.0,POD3_RPOS
1765,441.25,POD0_RPOS
1765,441.25,POD1_RPOS
1765,441.25,POD2_RPOS
1765,441.25,POD3_RPOS
1778,444.5,POD0_RNEG
1778,444.5,POD1_RNEG
1778,444.5,POD2_RNEG
1778,444.5,POD3_RNEG
1786,446.5,POD0_RNEG
1786,446.5,POD1_RNEG
1786,446.5,POD2_RNEG
1786,446.5,POD3_RNEG
1794,448.5,POD0_RPOS
1794,448.5,POD1_RPOS
1794,448.5,POD2_RPOS
1794,448.5,POD3_RPOS
1798,449.5,POD0_RPOS
1798,449.5,POD1_RPOS
1798,449.5,POD2_RPOS
1798,449.5,POD3_RPOS
1799,449.75,POD0_RPOS
1799,449.75,POD1_RPOS
1799,449.75,POD2_RPOS
1799,449.75,POD3_RPOS
1805,451.25,POD0_RPOS
1805,451.25,POD1_RPOS
1805,451.25,POD2_RPOS
1805,451.25,POD3_RPOS
1812,453.0,POD0_RNEG
1812,453.0,POD1_RNEG
1812,453.0,POD2_RNEG
1812,453.0,POD3_RNEG
1816,454.0,POD0_RNEG
1816,454.0,POD1_RNEG
1816,454.0,POD2_RNEG
1816,454.0,POD3_RNEG
1819,454.75,POD0_RNEG
1819,454.75,POD1_RNEG
1819,454.75,POD2_RNEG
1819,454.75,POD3_RNEG
1833,458.25,POD0_RPOS
1833,458.25,POD1_RPOS
1833,458.25,POD2_RPOS
1833,458.25,POD3_RPOS
1837,459.25,POD0_RPOS
1837,459.25,POD1_RPOS
1837,459.25,POD2_RPOS
1837,459.25,POD3_RPOS
1843,460.75,POD0_RPOS
1843,460.75,POD1_RPOS
1843,460.75,POD2_RPOS
1843,460.75,POD3_RPOS
1847,461.75,POD0_RNEG
1847,461.75,POD1_RNEG
1847,461.75,POD2_RNEG
1847,461.75,POD3_RNEG
1848,462.0,POD0_RNEG
1848,462.0,POD1_RNEG
1848,462.0,POD2_RNEG
1848,462.0,POD3_RNEG
1853,463.25,POD0_RNEG
1853,463.25,POD1_RNEG
1853,463.25,POD2_RNEG
1853,463.25,POD3_RNEG
1859,464.75,POD0_RNEG
1859,464.75,POD1_RNEG
1859,464.75,POD2_RNEG
1859,464.75,POD3_RNEG
1869,467.25,POD0_RPOS
1869,467.25,POD1_RPOS
1869,467.25,POD2_RPOS
1869,467.25,POD3_RPOS
1873,468.25,POD0_RPOS
1873,468.25,POD1_RPOS
1873,468.25,POD2_RPOS
1873,468.25,POD3_RPOS
1874,468.5,POD0_RPOS
1874,468.5,POD1_RPOS
1874,468.5,POD2_RPOS
1874,468.5,POD3_RPOS
1879,469.75,POD0_RPOS
1879,469.75,POD1_RPOS
1879,469.75,POD2_RPOS
1879,469.75,POD3_RPOS
1880,470.0,POD0_RPOS
1880,470.0,POD1_RPOS
1880,470.0,POD2_RPOS
1880,470.0,POD3_RPOS
1887,471.75,POD0_RNEG
1887,471.75,POD1_RNEG
1887,471.75,POD2_RNEG
1887,471.75,POD3_RNEG
1890,472.5,POD0_RNEG
1890,472.5,POD1_RNEG
1890,472.5,POD2_RNEG
1890,472.5,POD3_RNEG
1894,473.5,POD0_RNEG
1894,473.5,POD1_RNEG
1894,473.5,POD2_RNEG
1894,473.5,POD3_RNEG
1907,476.75,POD0_RPOS
1907,476.75,POD1_RPOS
1907,476.75,POD2_RPOS
1907,476.75,POD3_RPOS
1911,477.75,POD0_RPOS
1911,477.75,POD1_RPOS
1911,477.75,POD2_RPOS
1911,477.75,POD3_RPOS
1912,478.0,POD0_RPOS
1912,478.0,POD1_RPOS
1912,478.0,POD2_RPOS
1912,478.0,POD3_RPOS
1917,479.25,POD0_RPOS
1917,479.25,POD1_RPOS
1917,479.25,POD2_RPOS
1917,479.25,POD3_RPOS
1918,479.5,POD0_RPOS
1918,479.5,POD1_RPOS
1918,479.5,POD2_RPOS
1918,479.5,POD3_RPOS
1922,480.5,POD0_RNEG
1922,480.5,POD1_RNEG
1922,480.5,POD2_RNEG
1922,480.5,POD3_RNEG
1923,480.75,POD0_RNEG
1923,480.75,POD1_RNEG
1923,480.75,POD2_RNEG
1923,480.75,POD3_RNEG
1928,482.0,POD0_RNEG
1928,482.0,POD1_RNEG
1928,482.0,POD2_RNEG
1928,482.0,POD3_RNEG
1933,483.25,POD0_RNEG
1933,483.25,POD1_RNEG
1933,483.25,POD2_RNEG
1933,483.25,POD3_RNEG
1943,485.75,POD0_RPOS
1943,485.75,POD1_RPOS
1943,485.75,POD2_RPOS
1943,485.75,POD3_RPOS
1944,486.0,POD0_RPOS
1944,486.0,POD1_RPOS
1944,486.0,POD2_RPOS
1944,486.0,POD3_RPOS
1948,487.0,POD0_RPOS
1948,487.0,POD1_RPOS
1948,487.0,POD2_RPOS
1948,487.0,POD3_RPOS
1953,488.25,POD0_RPOS
1953,488.25,POD1_RPOS
1953,488.25,POD2_RPOS
1953,488.25,POD3_RPOS
1954,488.5,POD0_RPOS
1954,488.5,POD1_RPOS
1954,488.5,POD2_RPOS
1954,488.5,POD3_RPOS
1960,490.0,POD0_RNEG
1960,490.0,POD1_RNEG
1960,490.0,POD2_RNEG
1960,490.0,POD3_RNEG
1961,490.25,POD0_RNEG
1961,490.25,POD1_RNEG
1961,490.25,POD2_RNEG
1961,490.25,POD3_RNEG
1964,491.0,POD0_RNEG
1964,491.0,POD1_RNEG
1964,491.0,POD2_RNEG
1964,491.0,POD3_RNEG
1968,492.0,POD0_RNEG
1968,492.0,POD1_RNEG
1968,492.0,POD2_RNEG
1968,492.0,POD3_RNEG
1981,495.25,POD0_RPOS
1981,495.25,POD1_RPOS
1981,495.25,POD2_RPOS
1981,495.25,POD3_RPOS
1985,496.25,POD0_RPOS
1985,496.25,POD1_RPOS
1985,496.25,POD2_RPOS
1985,496.25,POD3_RPOS
1991,497.75,POD0_RPOS
1991,497.75,POD1_RPOS
1991,497.75,POD2_RPOS
1991,497.75,POD3_RPOS
1997,499.25,POD0_RNEG
1997,499.25,POD1_RNEG
1997,499.25,POD2_RNEG
1997,499.25,POD3_RNEG
2001,500.25,POD0_RNEG
2001,500.25,POD1_RNEG
2001,500.25,POD2_RNEG
2001,500.25,POD3_RNEG
2002,500.5,POD0_RNEG
2002,500.5,POD1_RNEG
2002,500.5,POD2_RNEG
2002,500.5,POD3_RNEG
2006,501.5,POD0_RNEG
2006,501.5,POD1_RNEG
2006,501.5,POD2_RNEG
2006,501.5,POD3_RNEG
2018,504.5,POD0_RPOS
2018,504.5,POD1_RPOS
2018,504.5,POD2_RPOS
2018,504.5,POD3_RPOS
2022,505.5,POD0_RPOS
2022,505.5,POD1_RPOS
2022,505.5,POD2_RPOS
2022,505.5,POD3_RPOS
2027,506.75,POD0_RPOS
2027,506.75,POD1_RPOS
2027,506.75,POD2_RPOS
2027,506.75,POD3_RPOS
2028,507.0,POD0_RPOS
2028,507.0,POD1_RPOS
2028,507.0,POD2_RPOS
2028,507.0,POD3_RPOS
2034,508.5,POD0_RNEG
2034,508.5,POD1_RNEG
2034,508.5,POD2_RNEG
2034,508.5,POD3_RNEG
2035,508.75,POD0_RNEG
2035,508.75,POD1_RNEG
2035,508.75,POD2_RNEG
2035,508.75,POD3_RNEG
2038,509.5,POD0_RNEG
2038,509.5,POD1_RNEG
2038,509.5,POD2_RNEG
2038,509.5,POD3_RNEG
2042,510.5,POD0_RNEG
2042,510.5,POD1_RNEG
2042,510.5,POD2_RNEG
2042,510.5,POD3_RNEG
2055,513.75,POD0_RPOS
2055,513.75,POD1_RPOS
2055,513.75,POD2_RPOS
2055,513.75,POD3_RPOS
2059,514.75,POD0_RPOS
2059,514.75,POD1_RPOS
2059,514.75,POD2_RPOS
2059,514.75,POD3_RPOS
2065,516.25,POD0_RPOS
2065,516.25,POD1_RPOS
2065,516.25,POD2_RPOS
2065,516.25,POD3_RPOS
2071,517.75,POD0_RNEG
2071,517.75,POD1_RNEG
2071,517.75,POD2_RNEG
2071,517.75,POD3_RNEG
2075,518.75,POD0_RNEG
2075,518.75,POD1_RNEG
2075,518.75,POD2_RNEG
2075,518.75,POD3_RNEG
2076,519.0,POD0_RNEG
2076,519.0,POD1_RNEG
2076,519.0,POD2_RNEG
2076,519.0,POD3_RNEG
2080,520.0,POD0_RNEG
2080,520.0,POD1_RNEG
2080,520.0,POD2_RNEG
2080,520.0,POD3_RNEG
2092,523.0,POD0_RPOS
2092,523.0,POD1_RPOS
2092,523.0,POD2_RPOS
2092,523.0,POD3_RPOS
2096,524.0,POD0_RPOS
2096,524.0,POD1_RPOS
2096,524.0,POD2_RPOS
2096,524.0,POD3_RPOS
2102,525.5,POD0_RPOS
2102,525.5,POD1_RPOS
2102,525.5,POD2_RPOS
2102,525.5,POD3_RPOS
2108,527.0,POD0_RNEG
2108,527.0,POD1_RNEG
2108,527.0,POD2_RNEG
2108,527.0,POD3_RNEG
2109,527.25,POD0_RNEG
2109,527.25,POD1_RNEG
2109,527.25,POD2_RNEG
2109,527.25,POD3_RNEG
2112,528.0,POD0_RNEG
2112,528.0,POD1_RNEG
2112,528.0,POD2_RNEG
2112,528.0,POD3_RNEG
2113,528.25,POD0_RNEG
2113,528.25,POD1_RNEG
2113,528.25,POD2_RNEG
2113,528.25,POD3_RNEG
2116,529.0,POD0_RNEG
2116,529.0,POD1_RNEG
2116,529.0,POD2_RNEG
2116,529.0,POD3_RNEG
2117,529.25,POD0_RNEG
2117,529.25,POD1_RNEG
2117,529.25,POD2_RNEG
2117,529.25,POD3_RNEG
2129,532.25,POD0_RPOS
2129,532.25,POD1_RPOS
2129,532.25,POD2_RPOS
2129,532.25,POD3_RPOS
2133,533.25,POD0_RPOS
2133,533.25,POD1_RPOS
2133,533.25,POD2_RPOS
2133,533.25,POD3_RPOS
2139,534.75,POD0_RPOS
2139,534.75,POD1_RPOS
2139,534.75,POD2_RPOS
2139,534.75,POD3_RPOS
2140,535.0,POD0_RPOS
2140,535.0,POD1_RPOS
2140,535.0,POD2_RPOS
2140,535.0,POD3_RPOS
2145,536.25,POD0_RNEG
2145,536.25,POD1_RNEG
2145,536.25,POD2_RNEG
2145,536.25,POD3_RNEG
2149,537.25,POD0_RNEG
2149,537.25,POD1_RNEG
2149,537.25,POD2_RNEG
2149,537.25,POD3_RNEG
2150,537.5,POD0_RNEG
2150,537.5,POD1_RNEG
2150,537.5,POD2_RNEG
2150,537.5,POD3_RNEG
2154,538.5,POD0_RNEG
2154,538.5,POD1_RNEG
2154,538.5,POD2_RNEG
2154,538.5,POD3_RNEG
2166,541.5,POD0_RPOS
2166,541.5,POD1_RPOS
2166,541.5,POD2_RPOS
2166,541.5,POD3_RPOS
2170,542.5,POD0_RPOS
2170,542.5,POD1_RPOS
2170,542.5,POD2_RPOS
2170,542.5,POD3_RPOS
2176,544.0,POD0_RPOS
2176,544.0,POD1_RPOS
2176,544.0,POD2_RPOS
2176,544.0,POD3_RPOS
2182,545.5,POD0_RNEG
2182,545.5,POD1_RNEG
2182,545.5,POD2_RNEG
2182,545.5,POD3_RNEG
2183,545.75,POD0_RNEG
2183,545.75,POD1_RNEG
2183,545.75,POD2_RNEG
2183,545.75,POD3_RNEG
2186,546.5,POD0_RNEG
2186,546.5,POD1_RNEG
2186,546.5,POD2_RNEG
2186,546.5,POD3_RNEG
2187,546.75,POD0_RNEG
2187,546.75,POD1_RNEG
2187,546.75,POD2_RNEG
2187,546.75,POD3_RNEG
2190,547.5,POD0_RNEG
2190,547.5,POD1_RNEG
2190,547.5,POD2_RNEG
2190,547.5,POD3_RNEG
2191,547.75,POD0_RNEG
2191,547.75,POD1_RNEG
2191,547.75,POD2_RNEG
2191,547.75,POD3_RNEG
2203,550.75,POD0_RPOS
2203,550.75,POD1_RPOS
2203,550.75,POD2_RPOS
2203,550.75,POD3_RPOS
2207,551.75,POD0_RPOS
2207,551.75,POD1_RPOS
2207,551.75,POD2_RPOS
2207,551.75,POD3_RPOS
2213,553.25,POD0_RPOS
2213,553.25,POD1_RPOS
2213,553.25,POD2_RPOS
2213,553.25,POD3_RPOS
2219,554.75,POD0_RNEG
2219,554.75,POD1_RNEG
2219,554.75,POD2_RNEG
2219,554.75,POD3_RNEG
2223,555.75,POD0_RNEG
2223,555.75,POD1_RNEG
2223,555.75,POD2_RNEG
2223,555.75,POD3_RNEG
2224,556.0,POD0_RNEG
2224,556.0,POD1_RNEG
2224,556.0,POD2_RNEG
2224,556.0,POD3_RNEG
2228,557.0,POD0_RNEG
2228,557.0,POD1_RNEG
2228,557.0,POD2_RNEG
2228,557.0,POD3_RNEG
2240,560.0,POD0_RPOS
2240,560.0,POD1_RPOS
2240,560.0,POD2_RPOS
2240,560.0,POD3_RPOS
2244,561.0,POD0_RPOS
2244,561.0,POD1_RPOS
2244,561.0,POD2_RPOS
2244,561.0,POD3_RPOS
2250,562.5,POD0_RPOS
2250,562.5,POD1_RPOS
2250,562.5,POD2_RPOS
2250,562.5,POD3_RPOS
2256,564.0,POD0_RNEG
2256,564.0,POD1_RNEG
2256,564.0,POD2_RNEG
2256,564.0,POD3_RNEG
2260,565.0,POD0_RNEG
2260,565.0,POD1_RNEG
2260,565.0,POD2_RNEG
2260,565.0,POD3_RNEG
2261,565.25,POD0_RNEG
2261,565.25,POD1_RNEG
2261,565.25,POD2_RNEG
2261,565.25,POD3_RNEG
2264,566.0,POD0_RNEG
2264,566.0,POD1_RNEG
2264,566.0,POD2_RNEG
2264,566.0,POD3_RNEG
2265,566.25,POD0_RNEG
2265,566.25,POD1_RNEG
2265,566.25,POD2_RNEG
2265,566.25,POD3_RNEG
2277,569.25,POD0_RPOS
2277,569.25,POD1_RPOS
2277,569.25,POD2_RPOS
2277,569.25,POD3_RPOS
2281,570.25,POD0_RPOS
2281,570.25,POD1_RPOS
2281,570.25,POD2_RPOS
2281,570.25,POD3_RPOS
2287,571.75,POD0_RPOS
2287,571.75,POD1_RPOS
2287,571.75,POD2_RPOS
2287,571.75,POD3_RPOS
2293,573.25,POD0_RNEG
2293,573.25,POD1_RNEG
2293,573.25,POD2_RNEG
2293,573.25,POD3_RNEG
2297,574.25,POD0_RNEG
2297,574.25,POD1_RNEG
2297,574.25,POD2_RNEG
2297,574.25,POD3_RNEG
2298,574.5,POD0_RNEG
2298,574.5,POD1_RNEG
2298,574.5,POD2_RNEG
2298,574.5,POD3_RNEG
2302,575.5,POD0_RNEG
2302,575.5,POD1_RNEG
2302,575.5,POD2_RNEG
2302,575.5,POD3_RNEG
2314,578.5,POD0_RPOS
2314,578.5,POD1_RPOS
2314,578.5,POD2_RPOS
2314,578.5,POD3_RPOS
2318,579.5,POD0_RPOS
2318,579.5,POD1_RPOS
2318,579.5,POD2_RPOS
2318,579.5,POD3_RPOS
2324,581.0,POD0_RPOS
2324,581.0,POD1_RPOS
2324,581.0,POD2_RPOS
2324,581.0,POD3_RPOS
2330,582.5,POD0_RNEG
2330,582.5,POD1_RNEG
2330,582.5,POD2_RNEG
2330,582.5,POD3_RNEG
2334,583.5,POD0_RNEG
2334,583.5,POD1_RNEG
2334,583.5,POD2_RNEG
2334,583.5,POD3_RNEG
2335,583.75,POD0_RNEG
2335,583.75,POD1_RNEG
2335,583.75,POD2_RNEG
2335,583.75,POD3_RNEG
2338,584.5,POD0_RNEG
2338,584.5,POD1_RNEG
2338,584.5,POD2_RNEG
2338,584.5,POD3_RNEG
2339,584.75,POD0_RNEG
2339,584.75,POD1_RNEG
2339,584.75,POD2_RNEG
2339,584.75,POD3_RNEG
2351,587.75,POD0_RPOS
2351,587.75,POD1_RPOS
2351,587.75,POD2_RPOS
2351,587.75,POD3_RPOS
2355,588.75,POD0_RPOS
2355,588.75,POD1_RPOS
2355,588.75,POD2_RPOS
2355,588.75,POD3_RPOS
2361,590.25,POD0_RPOS
2361,590.25,POD1_RPOS
2361,590.25,POD2_RPOS
2361,590.25,POD3_RPOS
2367,591.75,POD0_RNEG
2367,591.75,POD1_RNEG
2367,591.75,POD2_RNEG
2367,591.75,POD3_RNEG
2371,592.75,POD0_RNEG
2371,592.75,POD1_RNEG
2371,592.75,POD2_RNEG
2371,592.75,POD3_RNEG
2372,593.0,POD0_RNEG
2372,593.0,POD1_RNEG
2372,593.0,POD2_RNEG
2372,593.0,POD3_RNEG
2376,594.0,POD0_RNEG
2376,594.0,POD1_RNEG
2376,594.0,POD2_RNEG
2376,594.0,POD3_RNEG
2388,597.0,POD0_RPOS
2388,597.0,POD1_RPOS
2388,597.0,POD2_RPOS
2388,597.0,POD3_RPOS
2392,598.0,POD0_RPOS
2392,598.0,POD1_RPOS
2392,598.0,POD2_RPOS
2392,598.0,POD3_RPOS
2398,599.5,POD0_RPOS
2398,599.5,POD1_RPOS
2398,599.5,POD2_RPOS
2398,599.5,POD3_RPOS
2404,601.0,POD0_RNEG
2404,601.0,POD1_RNEG
2404,601.0,POD2_RNEG
2404,601.0,POD3_RNEG
2408,602.0,POD0_RNEG
2408,602.0,POD1_RNEG
2408,602.0,POD2_RNEG
2408,602.0,POD3_RNEG
2409,602.25,POD0_RNEG
2409,602.25,POD1_RNEG
2409,602.25,POD2_RNEG
2409,602.25,POD3_RNEG
2412,603.0,POD0_RNEG
2412,603.0,POD1_RNEG
2412,603.0,POD2_RNEG
2412,603.0,POD3_RNEG
2413,603.25,POD0_RNEG
2413,603.25,POD1_RNEG
2413,603.25,POD2_RNEG
2413,603.25,POD3_RNEG
2425,606.25,POD0_RPOS
2425,606.25,POD1_RPOS
2425,606.25,POD2_RPOS
2425,606.25,POD3_RPOS
2429,607.25,POD0_RPOS
2429,607.25,POD1_RPOS
2429,607.25,POD2_RPOS
2429,607.25,POD3_RPOS
2435,608.75,POD0_RPOS
2435,608.75,POD1_RPOS
2435,608.75,POD2_RPOS
2435,608.75,POD3_RPOS
2441,610.25,POD0_RNEG
2441,610.25,POD1_RNEG
2441,610.25,POD2_RNEG
2441,610.25,POD3_RNEG
2445,611.25,POD0_RNEG
2445,611.25,POD1_RNEG
2445,611.25,POD2_RNEG
2445,611.25,POD3_RNEG
2446,611.5,POD0_RNEG
2446,611.5,POD1_RNEG
2446,611.5,POD2_RNEG
2446,611.5,POD3_RNEG
2450,612.5,POD0_RNEG
2450,612.5,POD1_RNEG
2450,612.5,POD2_RNEG
2450,612.5,POD3_RNEG
2462,615.5,POD0_RPOS
2462,615.5,POD1_RPOS
2462,615.5,POD2_RPOS
2462,615.5,POD3_RPOS
2466,616.5,POD0_RPOS
2466,616.5,POD1_RPOS
2466,616.5,POD2_RPOS
2466,616.5,POD3_RPOS
2472,618.0,POD0_RPOS
2472,618.0,POD1_RPOS
2472,618.0,POD2_RPOS
2472,618.0,POD3_RPOS
2478,619.5,POD0_RNEG
2478,619.5,POD1_RNEG
2478,619.5,POD2_RNEG
2478,619.5,POD3_RNEG
2482,620.5,POD0_RNEG
2482,620.5,POD1_RNEG
2482,620.5,POD2_RNEG
2482,620.5,POD3_RNEG
2483,620.75,POD0_RNEG
2483,620.75,POD1_RNEG
2483,620.75,POD2_RNEG
2483,620.75,POD3_RNEG
2486,621.5,POD0_RNEG
2486,621.5,POD1_RNEG
2486,621.5,POD2_RNEG
2486,621.5,POD3_RNEG
2487,621.75,POD0_RNEG
2487,621.75,POD1_RNEG
2487,621.75,POD2_RNEG
2487,621.75,POD3_RNEG
2499,624.75,POD0_RPOS
2499,624.75,POD1_RPOS
2499,624.75,POD2_RPOS
2499,624.75,POD3_RPOS
2503,625.75,POD0_RPOS
2503,625.75,POD1_RPOS
2503,625.75,POD2_RPOS
2503,625.75,POD3_RPOS
2509,627.25,POD0_RPOS
2509,627.25,POD1_RPOS
2509,627.25,POD2_RPOS
2509,627.25,POD3_RPOS
2515,628.75,POD0_RNEG
2515,628.75,POD1_RNEG
2515,628.75,POD2_RNEG
2515,628.75,POD3_RNEG
2519,629.75,POD0_RNEG
2519,629.75,POD1_RNEG
2519,629.75,POD2_RNEG
2519,629.75,POD3_RNEG
2520,630.0,POD0_RNEG
2520,630.0,POD1_RNEG
2520,630.0,POD2_RNEG
2520,630.0,POD3_RNEG
2524,631.0,POD0_RNEG
2524,631.0,POD1_RNEG
2524,631.0,POD2_RNEG
2524,631.0,POD3_RNEG
2536,634.0,POD0_RPOS
2536,634.0,POD1_RPOS
2536,634.0,POD2_RPOS
2536,634.0,POD3_RPOS
2540,635.0,POD0_RPOS
2540,635.0,POD1_RPOS
2540,635.0,POD2_RPOS
2540,635.0,POD3_RPOS
2545,636.25,POD0_RPOS
2545,636.25,POD1_RPOS
2545,636.25,POD2_RPOS
2545,636.25,POD3_RPOS
2546,636.5,POD0_RPOS
2546,636.5,POD1_RPOS
2546,636.5,POD2_RPOS
2546,636.5,POD3_RPOS
2552,638.0,POD0_RNEG
2552,638.0,POD1_RNEG
2552,638.0,POD2_RNEG
2552,638.0,POD3_RNEG
2556,639.0,POD0_RNEG
2556,639.0,POD1_RNEG
2556,639.0,POD2_RNEG
2556,639.0,POD3_RNEG
2557,639.25,POD0_RNEG
2557,639.25,POD1_RNEG
2557,639.25,POD2_RNEG
2557,639.25,POD3_RNEG
2560,640.0,POD0_RNEG
2560,640.0,POD1_RNEG
2560,640.0,POD2_RNEG
2560,640.0,POD3_RNEG
2561,640.25,POD0_RNEG
2561,640.25,POD1_RNEG
2561,640.25,POD2_RNEG
2561,640.25,POD3_RNEG
2573,643.25,POD0_RPOS
2573,643.25,POD1_RPOS
2573,643.25,POD2_RPOS
2573,643.25,POD3_RPOS
2577,644.25,POD0_RPOS
2577,644.25,POD1_RPOS
2577,644.25,POD2_RPOS
2577,644.25,POD3_RPOS
2583,645.75,POD0_RPOS
2583,645.75,POD1_RPOS
2583,645.75,POD2_RPOS
2583,645.75,POD3_RPOS
2589,647.25,POD0_RNEG
2589,647.25,POD1_RNEG
2589,647.25,POD2_RNEG
2589,647.25,POD3_RNEG
2593,648.25,POD0_RNEG
2593,648.25,POD1_RNEG
2593,648.25,POD2_RNEG
2593,648.25,POD3_RNEG
2594,648.5,POD0_RNEG
2594,648.5,POD1_RNEG
2594,648.5,POD2_RNEG
2594,648.5,POD3_RNEG
2598,649.5,POD0_RNEG
2598,649.5,POD1_RNEG
2598,649.5,POD2_RNEG
2598,649.5,POD3_RNEG
2610,652.5,POD0_RPOS
2610,652.5,POD1_RPOS
2610,652.5,POD2_RPOS
2610,652.5,POD3_RPOS
2614,653.5,POD0_RPOS
2614,653.5,POD1_RPOS
2614,653.5,POD2_RPOS
2614,653.5,POD3_RPOS
2620,655.0,POD0_RPOS
2620,655.0,POD1_RPOS
2620,655.0,POD2_RPOS
2620,655.0,POD3_RPOS
2626,656.5,POD0_RNEG
2626,656.5,POD1_RNEG
2626,656.5,POD2_RNEG
2626,656.5,POD3_RNEG
2630,657.5,POD0_RNEG
2630,657.5,POD1_RNEG
2630,657.5,POD2_RNEG
2630,657.5,POD3_RNEG
2631,657.75,POD0_RNEG
2631,657.75,POD1_RNEG
2631,657.75,POD2_RNEG
2631,657.75,POD3_RNEG
2634,658.5,POD0_RNEG
2634,658.5,POD1_RNEG
2634,658.5,POD2_RNEG
2634,658.5,POD3_RNEG
2635,658.75,POD0_RNEG
2635,658.75,POD1_RNEG
2635,658.75,POD2_RNEG
2635,658.75,POD3_RNEG
2647,661.75,POD0_RPOS
2647,661.75,POD1_RPOS
2647,661.75,POD2_RPOS
2647,661.75,POD3_RPOS
2651,662.75,POD0_RPOS
2651,662.75,POD1_RPOS
2651,662.75,POD2_RPOS
2651,662.75,POD3_RPOS
2657,664.25,POD0_RPOS
2657,664.25,POD1_RPOS
2657,664.25,POD2_RPOS
2657,664.25,POD3_RPOS
2663,665.75,POD0_RNEG
2663,665.75,POD1_RNEG
2663,665.75,POD2_RNEG
2663,665.75,POD3_RNEG
2667,666.75,POD0_RNEG
2667,666.75,POD1_RNEG
2667,666.75,POD2_RNEG
2667,666.75,POD3_RNEG
2668,667.0,POD0_RNEG
2668,667.0,POD1_RNEG
2668,667.0,POD2_RNEG
2668,667.0,POD3_RNEG
2672,668.0,POD0_RNEG
2672,668.0,POD1_RNEG
2672,668.0,POD2_RNEG
2672,668.0,POD3_RNEG
2684,671.0,POD0_RPOS
2684,671.0,POD1_RPOS
2684,671.0,POD2_RPOS
2684,671.0,POD3_RPOS
2688,672.0,POD0_RPOS
2688,672.0,POD1_RPOS
2688,672.0,POD2_RPOS
2688,672.0,POD3_RPOS
2694,673.5,POD0_RPOS
2694,673.5,POD1_RPOS
2694,673.5,POD2_RPOS
2694,673.5,POD3_RPOS
2700,675.0,POD0_RNEG
2700,675.0,POD1_RNEG
2700,675.0,POD2_RNEG
2700,675.0,POD3_RNEG
2704,676.0,POD0_RNEG
2704,676.0,POD1_RNEG
2704,676.0,POD2_RNEG
2704,676.0,POD3_RNEG
2705,676.25,POD0_RNEG
2705,676.25,POD1_RNEG
2705,676.25,POD2_RNEG
2705,676.25,POD3_RNEG
2708,677.0,POD0_RNEG
2708,677.0,POD1_RNEG
2708,677.0,POD2_RNEG
2708,677.0,POD3_RNEG
2709,677.25,POD0_RNEG
2709,677.25,POD1_RNEG
2709,677.25,POD2_RNEG
2709,677.25,POD3_RNEG
2721,680.25,POD0_RPOS
2721,680.25,POD1_RPOS
2721,680.25,POD2_RPOS
2721,680.25,POD3_RPOS
2725,681.25,POD0_RPOS
2725,681.25,POD1_RPOS
2725,681.25,POD2_RPOS
2725,681.25,POD3_RPOS
2731,682.75,POD0_RPOS
2731,682.75,POD1_RPOS
2731,682.75,POD2_RPOS
2731,682.75,POD3_RPOS
2737,684.25,POD0_RNEG
2737,684.25,POD1_RNEG
2737,684.25,POD2_RNEG
2737,684.25,POD3_RNEG
2741,685.25,POD0_RNEG
2741,685.25,POD1_RNEG
2741,685.25,POD2_RNEG
2741,685.25,POD3_RNEG
2742,685.5,POD0_RNEG
2742,685.5,POD1_RNEG
2742,685.5,POD2_RNEG
2742,685.5,POD3_RNEG
2746,686.5,POD0_RNEG
2746,686.5,POD1_RNEG
2746,686.5,POD2_RNEG
2746,686.5,POD3_RNEG
2758,689.5,POD0_RPOS
2758,689.5,POD1_RPOS
2758,689.5,POD2_RPOS
2758,689.5,POD3_RPOS
2762,690.5,POD0_RPOS
2762,690.5,POD1_RPOS
2762,690.5,POD2_RPOS
2762,690.5,POD3_RPOS
2768,692.0,POD0_RPOS
2768,692.0,POD1_RPOS
2768,692.0,POD2_RPOS
2768,692.0,POD3_RPOS
2774,693.5,POD0_RNEG
2774,693.5,POD1_RNEG
2774,693.5,POD2_RNEG
2774,693.5,POD3_RNEG
2775,693.75,POD0_RNEG
2775,693.75,POD1_RNEG
2775,693.75,POD2_RNEG
2775,693.75,POD3_RNEG
2778,694.5,POD0_RNEG
2778,694.5,POD1_RNEG
2778,694.5,POD2_RNEG
2778,694.5,POD3_RNEG
2779,694.75,POD0_RNEG
2779,694.75,POD1_RNEG
2779,694.75,POD2_RNEG
2779,694.75,POD3_RNEG
2782,695.5,POD0_RNEG
2782,695.5,POD1_RNEG
2782,695.5,POD2_RNEG
2782,695.5,POD3_RNEG
2783,695.75,POD0_RNEG
2783,695.75,POD1_RNEG
2783,695.75,POD2_RNEG
2783,695.75,POD3_RNEG
2795,698.75,POD0_RPOS
2795,698.75,POD1_RPOS
2795,698.75,POD2_RPOS
2795,698.75,POD3_RPOS
2799,699.75,POD0_RPOS
2799,699.75,POD1_RPOS
2799,699.75,POD2_RPOS
2799,699.75,POD3_RPOS
2805,701.25,POD0_RPOS
2805,701.25,POD1_RPOS
2805,701.25,POD2_RPOS
2805,701.25,POD3_RPOS
2811,702.75,POD0_RNEG
2811,702.75,POD1_RNEG
2811,702.75,POD2_RNEG
2811,702.75,POD3_RNEG
2815,703.75,POD0_RNEG
2815,703.75,POD1_RNEG
2815,703.75,POD2_RNEG
2815,703.75,POD3_RNEG
2816,704.0,POD0_RNEG
2816,704.0,POD1_RNEG
2816,704.0,POD2_RNEG
2816,704.0,POD3_RNEG
2820,705.0,POD0_RNEG
2820,705.0,POD1_RNEG
2820,705.0,POD2_RNEG
2820,705.0,POD3_RNEG
2832,708.0,POD0_RPOS
2832,708.0,POD1_RPOS
2832,708.0,POD2_RPOS
2832,708.0,POD3_RPOS
2836,709.0,POD0_RPOS
2836,709.0,POD1_RPOS
2836,709.0,POD2_RPOS
2836,709.0,POD3_RPOS
2842,710.5,POD0_RPOS
2842,710.5,POD1_RPOS
2842,710.5,POD2_RPOS
2842,710.5,POD3_RPOS
2848,712.0,POD0_RNEG
2848,712.0,POD1_RNEG
2848,712.0,POD2_RNEG
2848,712.0,POD3_RNEG
2852,713.0,POD0_RNEG
2852,713.0,POD1_RNEG
2852,713.0,POD2_RNEG
2852,713.0,POD3_RNEG
2853,713.25,POD0_RNEG
2853,713.25,POD1_RNEG
2853,713.25,POD2_RNEG
2853,713.25,POD3_RNEG
2856,714.0,POD0_RNEG
2856,714.0,POD1_RNEG
2856,714.0,POD2_RNEG
2856,714.0,POD3_RNEG
2857,714.25,POD0_RNEG
2857,714.25,POD1_RNEG
2857,714.25,POD2_RNEG
2857,714.25,POD3_RNEG
2869,717.25,POD0_RPOS
2869,717.25,POD1_RPOS
2869,717.25,POD2_RPOS
2869,717.25,POD3_RPOS
2873,718.25,POD0_RPOS
2873,718.25,POD1_RPOS
2873,718.25,POD2_RPOS
2873,718.25,POD3_RPOS
2879,719.75,POD0_RPOS
2879,719.75,POD1_RPOS
2879,719.75,POD2_RPOS
2879,719.75,POD3_RPOS
2885,721.25,POD0_RNEG
2885,721.25,POD1_RNEG
2885,721.25,POD2_RNEG
2885,721.25,POD3_RNEG
2889,722.25,POD0_RNEG
2889,722.25,POD1_RNEG
2889,722.25,POD2_RNEG
2889,722.25,POD3_RNEG
2890,722.5,POD0_RNEG
2890,722.5,POD1_RNEG
2890,722.5,POD2_RNEG
2890,722.5,POD3_RNEG
2894,723.5,POD0_RNEG
2894,723.5,POD1_RNEG
2894,723.5,POD2_RNEG
2894,723.5,POD3_RNEG
2906,726.5,POD0_RPOS
2906,726.5,POD1_RPOS
2906,726.5,POD2_RPOS
2906,726.5,POD3_RPOS
2910,727.5,POD0_RPOS
2910,727.5,POD1_RPOS
2910,727.5,POD2_RPOS
2910,727.5,POD3_RPOS
2916,729.0,POD0_RPOS
2916,729.0,POD1_RPOS
2916,729.0,POD2_RPOS
2916,729.0,POD3_RPOS
2922,730.5,POD0_RNEG
2922,730.5,POD1_RNEG
2922,730.5,POD2_RNEG
2922,730.5,POD3_RNEG
2926,731.5,POD0_RNEG
2926,731.5,POD1_RNEG
2926,731.5,POD2_RNEG
2926,731.5,POD3_RNEG
2927,731.75,POD0_RNEG
2927,731.75,POD1_RNEG
2927,731.75,POD2_RNEG
2927,731.75,POD3_RNEG
2930,732.5,POD0_RNEG
2930,732.5,POD1_RNEG
2930,732.5,POD2_RNEG
2930,732.5,POD3_RNEG
2931,732.75,POD0_RNEG
2931,732.75,POD1_RNEG
2931,732.75,POD2_RNEG
2931,732.75,POD3_RNEG
2943,735.75,POD0_RPOS
2943,735.75,POD1_RPOS
2943,735.75,POD2_RPOS
2943,735.75,POD3_RPOS
2947,736.75,POD0_RPOS
2947,736.75,POD1_RPOS
2947,736.75,POD2_RPOS
2947,736.75,POD3_RPOS
2953,738.25,POD0_RPOS
2953,738.25,POD1_RPOS
2953,738.25,POD2_RPOS
2953,738.25,POD3_RPOS
2959,739.75,POD0_RNEG
2959,739.75,POD1_RNEG
2959,739.75,POD2_RNEG
2959,739.75,POD3_RNEG
2963,740.75,POD0_RNEG
2963,740.75,POD1_RNEG
2963,740.75,POD2_RNEG
2963,740.75,POD3_RNEG
2964,741.0,POD0_RNEG
2964,741.0,POD1_RNEG
2964,741.0,POD2_RNEG
2964,741.0,POD3_RNEG
2968,742.0,POD0_RNEG
2968,742.0,POD1_RNEG
2968,742.0,POD2_RNEG
2968,742.0,POD3_RNEG
2980,745.0,POD0_RPOS
2980,745.0,POD1_RPOS
2980,745.0,POD2_RPOS
2980,745.0,POD3_RPOS
2984,746.0,POD0_RPOS
2984,746.0,POD1_RPOS
2984,746.0,POD2_RPOS
2984,746.0,POD3_RPOS
2990,747.5,POD0_RPOS
2990,747.5,POD1_RPOS
2990,747.5,POD2_RPOS
2990,747.5,POD3_RPOS
2996,749.0,POD0_RNEG
2996,749.0,POD1_RNEG
2996,749.0,POD2_RNEG
2996,749.0,POD3_RNEG
3000,750.0,POD0_RNEG
3000,750.0,POD1_RNEG
3000,750.0,POD2_RNEG
3000,750.0,POD3_RNEG
3001,750.25,POD0_RNEG
3001,750.25,POD1_RNEG
3001,750.25,POD2_RNEG
3001,750.25,POD3_RNEG
3004,751.0,POD0_RNEG
3004,751.0,POD1_RNEG
3004,751.0,POD2_RNEG
3004,751.0,POD3_RNEG
3005,751.25,POD0_RNEG
3005,751.25,POD1_RNEG
3005,751.25,POD2_RNEG
3005,751.25,POD3_RNEG
3017,754.25,POD0_RPOS
3017,754.25,POD1_RPOS
3017,754.25,POD2_RPOS
3017,754.25,POD3_RPOS
3021,755.25,POD0_RPOS
3021,755.25,POD1_RPOS
3021,755.25,POD2_RPOS
3021,755.25,POD3_RPOS
3027,756.75,POD0_RPOS
3027,756.75,POD1_RPOS
3027,756.75,POD2_RPOS
3027,756.75,POD3_RPOS
3033,758.25,POD0_RNEG
3033,758.25,POD1_RNEG
3033,758.25,POD2_RNEG
3033,758.25,POD3_RNEG
3037,759.25,POD0_RNEG
3037,759.25,POD1_RNEG
3037,759.25,POD2_RNEG
3037,759.25,POD3_RNEG
3038,759.5,POD0_RNEG
3038,759.5,POD1_RNEG
3038,759.5,POD2_RNEG
3038,759.5,POD3_RNEG
3042,760.5,POD0_RNEG
3042,760.5,POD1_RNEG
3042,760.5,POD2_RNEG
3042,760.5,POD3_RNEG
3054,763.5,POD0_RPOS
3054,763.5,POD1_RPOS
3054,763.5,POD2_RPOS
3054,763.5,POD3_RPOS
3058,764.5,POD0_RPOS
3058,764.5,POD1_RPOS
3058,764.5,POD2_RPOS
3058,764.5,POD3_RPOS
3063,765.75,POD0_RPOS
3063,765.75,POD1_RPOS
3063,765.75,POD2_RPOS
3063,765.75,POD3_RPOS
3064,766.0,POD0_RPOS
3064,766.0,POD1_RPOS
3064,766.0,POD2_RPOS
3064,766.0,POD3_RPOS
3070,767.5,POD0_RNEG
3070,767.5,POD1_RNEG
3070,767.5,POD2_RNEG
3070,767.5,POD3_RNEG
3074,768.5,POD0_RNEG
3074,768.5,POD1_RNEG
3074,768.5,POD2_RNEG
3074,768.5,POD3_RNEG
3075,768.75,POD0_RNEG
3075,768.75,POD1_RNEG
3075,768.75,POD2_RNEG
3075,768.75,POD3_RNEG
3078,769.5,POD0_RNEG
3078,769.5,POD1_RNEG
3078,769.5,POD2_RNEG
3078,769.5,POD3_RNEG
3079,769.75,POD0_RNEG
3079,769.75,POD1_RNEG
3079,769.75,POD2_RNEG
3079,769.75,POD3_RNEG
3091,772.75,POD0_RPOS
3091,772.75,POD1_RPOS
3091,772.75,POD2_RPOS
3091,772.75,POD3_RPOS
3095,773.75,POD0_RPOS
3095,773.75,POD1_RPOS
3095,773.75,POD2_RPOS
3095,773.75,POD3_RPOS
3101,775.25,POD0_RPOS
3101,775.25,POD1_RPOS
3101,775.25,POD2_RPOS
3101,775.25,POD3_RPOS
3107,776.75,POD0_RNEG
3107,776.75,POD1_RNEG
3107,776.75,POD2_RNEG
3107,776.75,POD3_RNEG
3111,777.75,POD0_RNEG
3111,777.75,POD1_RNEG
3111,777.75,POD2_RNEG
3111,777.75,POD3_RNEG
3112,778.0,POD0_RNEG
3112,778.0,POD1_RNEG
3112,778.0,POD2_RNEG
3112,778.0,POD3_RNEG
3116,779.0,POD0_RNEG
3116,779.0,POD1_RNEG
3116,779.0,POD2_RNEG
3116,779.0,POD3_RNEG
3128,782.0,POD0_RPOS
3128,782.0,POD1_RPOS
3128,782.0,POD2_RPOS
3128,782.0,POD3_RPOS
3132,783.0,POD0_RPOS
3132,783.0,POD1_RPOS
3132,783.0,POD2_RPOS
3132,783.0,POD3_RPOS
3138,784.5,POD0_RPOS
3138,784.5,POD1_RPOS
3138,784.5,POD2_RPOS
3138,784.5,POD3_RPOS
3144,786.0,POD0_RNEG
3144,786.0,POD1_RNEG
3144,786.0,POD2_RNEG
3144,786.0,POD3_RNEG
3148,787.0,POD0_RNEG
3148,787.0,POD1_RNEG
3148,787.0,POD2_RNEG
3148,787.0,POD3_RNEG
3149,787.25,POD0_RNEG
3149,787.25,POD1_RNEG
3149,787.25,POD2_RNEG
3149,787.25,POD3_RNEG
3152,788.0,POD0_RNEG
3152,788.0,POD1_RNEG
3152,788.0,POD2_RNEG
3152,788.0,POD3_RNEG
3153,788.25,POD0_RNEG
3153,788.25,POD1_RNEG
3153,788.25,POD2_RNEG
3153,788.25,POD3_RNEG
3165,791.25,POD0_RPOS
3165,791.25,POD1_RPOS
3165,791.25,POD2_RPOS
3165,791.25,POD3_RPOS
3169,792.25,POD0_RPOS
3169,792.25,POD1_RPOS
3169,792.25,POD2_RPOS
3169,792.25,POD3_RPOS
3175,793.75,POD0_RPOS
3175,793.75,POD1_RPOS
3175,793.75,POD2_RPOS
3175,793.75,POD3_RPOS
3181,795.25,POD0_RNEG
3181,795.25,POD1_RNEG
3181,795.25,POD2_RNEG
3181,795.25,POD3_RNEG
3185,796.25,POD0_RNEG
3185,796.25,POD1_RNEG
3185,796.25,POD2_RNEG
3185,796.25,POD3_RNEG
3186,796.5,POD0_RNEG
3186,796.5,POD1_RNEG
3186,796.5,POD2_RNEG
3186,796.5,POD3_RNEG
3190,797.5,POD0_RNEG
3190,797.5,POD1_RNEG
3190,797.5,POD2_RNEG
3190,797.5,POD3_RNEG
3202,800.5,POD0_RPOS
3202,800.5,POD1_RPOS
3202,800.5,POD2_RPOS
3202,800.5,POD3_RPOS
3206,801.5,POD0_RPOS
3206,801.5,POD1_RPOS
3206,801.5,POD2_RPOS
3206,801.5,POD3_RPOS
3212,803.0,POD0_RPOS
3212,803.0,POD1_RPOS
3212,803.0,POD2_RPOS
3212,803.0,POD3_RPOS
3218,804.5,POD0_RNEG
3218,804.5,POD1_RNEG
3218,804.5,POD2_RNEG
3218,804.5,POD3_RNEG
3222,805.5,POD0_RNEG
3222,805.5,POD1_RNEG
3222,805.5,POD2_RNEG
3222,805.5,POD3_RNEG
3223,805.75,POD0_RNEG
3223,805.75,POD1_RNEG
3223,805.75,POD2_RNEG
3223,805.75,POD3_RNEG
3226,806.5,POD0_RNEG
3226,806.5,POD1_RNEG
3226,806.5,POD2_RNEG
3226,806.5,POD3_RNEG
3227,806.75,POD0_RNEG
3227,806.75,POD1_RNEG
3227,806.75,POD2_RNEG
3227,806.75,POD3_RNEG
3239,809.75,POD0_RPOS
3239,809.75,POD1_RPOS
3239,809.75,POD2_RPOS
3239,809.75,POD3_RPOS
3243,810.75,POD0_RPOS
3243,810.75,POD1_RPOS
3243,810.75,POD2_RPOS
3243,810.75,POD3_RPOS
3249,812.25,POD0_RPOS
3249,812.25,POD1_RPOS
3249,812.25,POD2_RPOS
3249,812.25,POD3_RPOS
3255,813.75,POD0_RNEG
3255,813.75,POD1_RNEG
3255,813.75,POD2_RNEG
3255,813.75,POD3_RNEG
3259,814.75,POD0_RNEG
3259,814.75,POD1_RNEG
3259,814.75,POD2_RNEG
3259,814.75,POD3_RNEG
3260,815.0,POD0_RNEG
3260,815.0,POD1_RNEG
3260,815.0,POD2_RNEG
3260,815.0,POD3_RNEG
3264,816.0,POD0_RNEG
3264,816.0,POD1_RNEG
3264,816.0,POD2_RNEG
3264,816.0,POD3_RNEG
